Step,Latitude,Longitude,Altitude(ft),ClimbRate(ft/min),WindEffect,Turbulence,Weather
1,41.53199816047539,-93.64900367904922,-0.09050343272711117,-5.43020596362667,-50.183952461055014,270.4285838459497,Storm
2,41.53357525819472,-93.64422984373059,-0.1628641103545822,-4.341640657648261,92.79757672456202,59.195090518221946,Storm
3,41.53141863941672,-93.64692344140664,-0.13331531113308642,1.7729279532897477,-137.59254382302538,-206.40328779827843,Storm
4,41.531174181731096,-93.64579271689792,-0.15953418773458256,-1.573132596089767,-176.7665551327202,219.7056874649611,Storm
5,41.53349358975687,-93.6395342609664,-0.1666091055066308,-0.4244950663228948,40.44600469728351,124.84354667762727,Storm
6,41.53131875011456,-93.64226430037108,-0.2045086444737411,-2.273972338026617,-191.76620228167903,281.94591129719663,Storm
7,41.53471346512806,-93.63385523046412,-0.09785515127932445,6.399209591664999,132.97705632016869,-172.5965335930343,Storm
8,41.53225827686116,-93.63714596711796,0.12821988440797305,13.56450214123785,-127.27001311715975,-189.95729408793972,Storm
9,41.532895228391645,-93.63425242417703,0.40543193176765047,16.632722841580645,-78.30310281618492,14.853858979342704,Storm
10,41.53355332192184,-93.63131659723666,0.8009757458261376,23.73262884350923,-27.221992543153704,-125.26251588117486,Storm
11,41.534420235853645,-93.6279631294931,1.337453608197206,32.18867174226409,44.74115788895179,-216.30368360877492,Storm
12,41.53328868529638,-93.62860659072768,1.9630411989337873,37.535255444194874,-83.14214058591274,-80.18289402378497,Storm
13,41.53409166906658,-93.62538098330732,2.6065107058815675,38.60817041686682,-17.572006313185625,171.10557683580817,Storm
14,41.53321336668582,-93.62551794818887,3.348229242613343,44.50311220390654,-120.1304871366561,8.540663048166948,Storm
15,41.53493161226011,-93.62046181716035,4.27430636108129,55.56462710807685,36.96582754481699,-272.1297523680014,Storm
16,41.53513941581974,-93.6184265701611,5.337614056828989,63.79846174486191,43.01794076057536,-197.68552578762507,Storm
17,41.53311672521155,-93.62085231149753,6.386591928670677,62.93867231050132,-173.9793628058882,269.3313223519999,Storm
18,41.53686632939939,-93.6117334632419,7.491710055148326,66.30708758865892,186.25281322982374,185.03840886987666,Storm
19,41.53436953877126,-93.6151074046182,8.795074664667267,78.20187657113638,-78.15449233065172,-241.39673159616967,Storm
20,41.53603529822809,-93.61015624582457,10.193910543315443,83.9301527188906,73.69321060486277,-35.90850375623921,Storm
21,41.53393380148889,-93.61273959942301,11.693265304195634,89.96128565281151,-151.18470606208848,-2.8938539332378923,Storm
22,41.53373048506145,-93.61152659239794,13.214433556165964,91.27009511821983,-186.24459155391264,245.59224124726927,Storm
23,41.53477533333086,-93.60781725597914,14.831558854433322,97.02751789604145,-96.48800735999323,97.51337061238917,Storm
24,41.5351343401363,-93.60547960248832,16.565516303041264,104.03744691647663,-75.31556956423562,12.040812706686495,Storm
25,41.536221619376796,-93.60168540412737,18.478204065473342,114.76126574592472,18.684111737311866,-189.08732668468377,Storm
26,41.53806039919795,-93.59638820460509,20.43370790537655,117.33023039419244,187.83385110582344,165.07969401666872,Storm
27,41.53808733888062,-93.59471468535979,22.438120814127878,120.26477452507963,175.79957662567563,236.89641025658932,Storm
28,41.53686822545709,-93.59553327232689,24.496741070039825,123.51721535471673,39.15999152443405,253.12454101387004,Storm
29,41.53497787797753,-93.59769432740605,26.7613100263898,135.87413738099863,-164.6029991792322,-182.4102825485129,Storm
30,41.53495209955244,-93.59612624437628,29.170199393971764,144.5333620549179,-181.90908443578476,-104.8018015420414,Storm
31,41.536473181983034,-93.59146443963513,31.737552076930395,154.04116097751788,-44.5290841242072,-137.19058093566247,Storm
32,41.53838070528836,-93.58602975314452,34.441126077859266,162.21444005573244,131.49500366077172,-85.94800398384643,Storm
33,41.53633677571797,-93.58849797240534,37.24589164770688,168.2859341908567,-87.6261961250477,25.617649894949068,Storm
34,41.5359240170066,-93.58770384994811,40.108906678479634,171.78090184636565,-143.63031001009495,181.31818845242378,Storm
35,41.53580580510889,-93.58632063386356,43.008556274436174,173.97897575739225,-170.17974252809168,292.1321619603103,Storm
36,41.53874386403884,-93.57882487612372,46.116526207782684,186.47819600079058,108.89790771866296,-180.77059107949657,Storm
37,41.53582425585763,-93.58304445260619,49.27080254230683,189.25658007144898,-197.79115315055904,189.2768570729005,Storm
38,41.53877687919199,-93.57551956605748,52.51916759079509,194.9019029092956,82.74293753904686,137.40430082459238,Storm
39,41.53918181363082,-93.57309005729988,55.991126456085,208.31753191739455,108.5081386743783,-255.57320895954578,Storm
40,41.53767787758573,-93.5744782895101,59.643657859040445,219.15188417732693,-56.61370858229097,-230.4785642849222,Storm
41,41.539843710802536,-93.56852698319652,63.37188748332642,223.69377745715838,145.2413703502374,73.97887609653475,Storm
42,41.53786217162592,-93.57087042166981,67.31137571849268,236.36929410997587,-67.64079005894033,-261.86498982838583,Storm
43,41.53792979124085,-93.56911554255998,71.37981304652594,244.10623968199565,-75.60707131373512,-104.89000678395178,Storm
44,41.53975156909481,-93.56385234697208,75.52415056614414,248.6602511770922,91.84247133522564,82.53448281312785,Storm
45,41.540529277779235,-93.56067728972329,79.79313989091798,256.1393594864305,154.88509703053063,-16.67104490283043,Storm
46,41.537606086220165,-93.56490403296146,84.13121286527183,260.2843784612306,-152.16230162467932,127.94687233379699,Storm
47,41.540318131858356,-93.55786030180512,88.58208645498632,267.05241538286936,104.31401944675895,36.76631854169773,Storm
48,41.54050614281118,-93.55586464001952,93.15333017819292,274.27462339239526,108.38687198182441,-3.7226421813655293,Storm
49,41.53966048783637,-93.55593631008918,97.85500942313382,282.1007546964539,9.093131752797632,-43.47538898487022,Storm
50,41.53781851545329,-93.55800061497537,102.74707697676004,293.524053217573,-189.83234930236193,-235.26514380401733,Storm
51,41.53798983811654,-93.55603832976892,107.70486512033688,297.46728861460974,-187.4283257253063,81.84624675826825,Storm
52,41.53926882772557,-93.5518607106709,112.77886882221833,304.4402221128868,-74.25760756946933,5.1424146988216535,Storm
53,41.54178895212445,-93.54520082199318,118.01554249635187,314.2004204480127,163.02658957043718,-150.42466251067503,Storm
54,41.53994750034836,-93.54726408566539,123.29921270399034,317.0202124583076,-35.8468307857481,153.33068312582918,Storm
55,41.53936844374566,-93.54680255899083,128.79104258311804,329.50979274766195,-108.48073380335101,-253.8120541027242,Storm
56,41.53975953932282,-93.54440072795654,134.4392802404734,338.8942594413214,-84.0994188344928,-203.26722764759734,Storm
57,41.54246660654801,-93.5373669536262,140.11425663690966,340.49858378617535,171.87906093702924,184.87222773865017,Storm
58,41.541428713392165,-93.53782310005795,145.83589585561683,343.29835312242926,53.361502604169374,222.87635411263068,Storm
59,41.5422570691012,-93.53454674875992,151.74881807455571,354.7753331363328,121.46883075964581,-188.0579646683785,Storm
60,41.542759899215035,-93.53192144865228,157.74855143476177,359.9840016123629,157.02359939599108,23.605345149390416,Storm
61,41.5425667062692,-93.530688194664,163.77967677471813,361.8675203973814,122.976062065625,237.65477995409594,Storm
62,41.54075624197591,-93.5326894833706,170.01992055092532,374.41462657243096,-72.79861001125445,-233.96884528339393,Storm
63,41.540543251153665,-93.53149582513514,176.366392904782,380.78834123140155,-108.82593498322333,-43.735326824246215,Storm
64,41.543050851994664,-93.52486098357319,182.74522412155167,382.72987300617996,127.20590636899726,216.4383499538061,Storm
65,41.53995388388058,-93.5294352799214,189.24983425157728,390.2766078015359,-197.21914778752372,6.448381546539451,Storm
66,41.54174300179852,-93.52423740420555,195.9225169714007,400.3609631894051,-33.03559874048841,-166.73531371756184,Storm
67,41.54070010168274,-93.52470356455716,202.7237592054397,408.0745340423394,-152.05385306652687,-97.43089715782324,Storm
68,41.544139561456525,-93.51620500512962,209.65932707001127,416.13407187429317,177.16388156500767,-106.07824078754686,Storm
69,41.54259036755533,-93.51768375305205,216.65044675028705,419.4671808165456,7.516248697346441,121.81137533710671,Storm
70,41.54211700590535,-93.51701083647207,223.66261648565506,420.730184122082,-54.5481590482824,283.06924963257643,Storm
71,41.544659559103074,-93.51030609019665,230.85740180914408,431.68711940934054,184.9789179768445,-148.9306225047815,Storm
72,41.54294604637435,-93.51211347577413,238.1900138660085,439.956723411866,-1.1005976430458304,-119.47301410993819,Storm
73,41.54224369675577,-93.51189853513134,245.71259444933676,451.35483499969456,-86.06380224901295,-277.8678315872803,Storm
74,41.543689874541656,-93.5073865396796,253.3145796916514,456.1191145388786,43.82573359195874,1.6074139373168919,Storm
75,41.54160481463821,-93.50993701960653,261.0613932957288,464.80881624464257,-179.40849950000427,-132.81212145803315,Storm
76,41.54517924560455,-93.5011685177939,268.9485995031673,473.2323724463096,163.3063543866615,-156.26286559981654,Storm
77,41.54227304397653,-93.50536128116998,276.92168310470794,478.38501609243883,-142.04205116351076,-6.328343833462213,Storm
78,41.54578334873208,-93.4967210317789,285.04148753094387,487.18826557415707,194.26018164424028,-154.76683709309975,Storm
79,41.54467657153273,-93.49731494629765,293.19066165538715,488.95044746659636,68.85421896235141,156.97176919723057,Storm
80,41.54308586194656,-93.49887672559004,301.4025144285678,492.7111663908424,-104.94498240304013,136.92980916711576,Storm
81,41.543753726728944,-93.4959213561453,309.69805389590954,497.732368040504,-52.88674691229872,79.3834983561477,Storm
82,41.544963995468585,-93.49188117878607,318.09420757786194,503.76922091714283,53.41188430435787,21.46481044485506,Storm
83,41.54293831813324,-93.4943128935768,326.52728421753335,505.9845983802842,-163.88409197823668,201.1814973535428,Storm
84,41.54400756174038,-93.49055476648255,335.1441869762073,517.0141655204382,-71.68797401130567,-188.08889376008744,Storm
85,41.543034824474184,-93.49088060113499,343.8314437929585,521.235409005072,-183.68994337809443,54.53576591294507,Storm
86,41.54572926378281,-93.48387208263777,352.72251142158643,533.4640577176739,71.02574473691294,-290.0473026432863,Storm
87,41.545214660996116,-93.4832816483312,361.7441170349317,541.2963368007183,4.837223319712393,-164.10253488123723,Storm
88,41.545894262352036,-93.48030280573941,370.9125956876476,550.1087191629526,58.06911616377994,-195.38014259700515,Storm
89,41.54622460457028,-93.47802248142295,380.17955423047124,556.0175125694199,76.37509524098635,-67.95879221967755,Storm
90,41.54735505600029,-93.47414193868296,389.6033445254164,565.4274176967101,174.6919954946938,-217.48743351240404,Storm
91,41.545119683877026,-93.47699304304955,399.17410784498315,574.2457991740057,-63.57345957989659,-231.91588725564657,Storm
92,41.54760147537341,-93.47040982017681,408.7341596524743,573.6031084494707,169.8774473114251,226.40361202858855,Storm
93,41.54508174983864,-93.4738296313664,418.3662043009334,577.9226789075477,-96.82334891393776,95.99042762050743,Storm
94,41.547466154556055,-93.46744118205162,428.08454182328416,583.1002513410458,126.88888008048633,33.12048695967741,Storm
95,41.546463150496145,-93.46782755029146,437.9485202252171,591.838704115978,11.860231342402585,-154.88862545972898,Storm
96,41.544864241681424,-93.46940572804094,447.81061186886507,591.7254986188764,-162.7588928776403,238.3294547719961,Storm
97,41.54824078526633,-93.46103300099118,457.7577456987582,596.8280297935875,160.16722286533218,79.86087436396076,Storm
98,41.54614251462935,-93.46360990238517,467.8370442763718,604.7579146568158,-64.38808358051972,-90.47425523240346,Storm
99,41.54783750060811,-93.4586002905477,477.924672355947,605.257684774511,90.38227154809573,238.26615597154625,Storm
100,41.54862930601717,-93.45539703984963,488.0730063284751,608.9000383516869,154.83456970604692,167.9253275145743,Storm
101,41.5477963693322,-93.4554432733396,498.4193075510468,620.7780733543018,56.8126584617151,-249.51602100297072,Storm
102,41.54602204003143,-93.45737229206117,508.76462453461204,620.7190190139138,-135.3485143621545,239.13251311624754,Storm
103,41.54794852384117,-93.45189968456174,519.3270956994054,633.7482698876003,42.57162386383598,-294.48176903002224,Storm
104,41.54607597620147,-93.45402513996117,529.9304527164015,636.2014210197702,-159.41138285358716,98.10106146483349,Storm
105,41.54583761879287,-93.45288221489841,540.7056757324377,646.5133809621742,-197.97536646151252,-203.51516914950082,Storm
106,41.548159590042424,-93.44661863251935,551.520175809461,648.8700046213957,19.493515746634444,115.13711861561598,Storm
107,41.548719782350446,-93.44387860802334,562.4930633313022,658.3732513104713,60.784503801040216,-165.43841432366412,Storm
108,41.549107936625305,-93.44148265959366,573.5978000191076,666.2842012683225,84.87168853901437,-157.65054750191996,Storm
109,41.54770810096002,-93.44266269104428,584.7299089845064,667.9265379239313,-69.8401207362929,147.8948430708145,Storm
110,41.549152316191055,-93.43815462070225,595.894423720082,669.870884134534,59.853159618885854,209.53404629650674,Storm
111,41.54933151859154,-93.43617657602131,607.1564350119231,675.720677510468,63.045156920137345,40.98516200128296,Storm
112,41.547223048521126,-93.43877387628218,618.5443857708863,683.2770455377866,-162.530092868763,-79.3705181643399,Storm
113,41.54805644134802,-93.43548745074844,630.0722475470635,691.6717065706317,-93.91905292730982,-153.60621397254985,Storm
114,41.55103495652378,-93.42791078051695,641.7013437429285,697.7457717518988,189.2042219009782,-64.14136519994375,Storm
115,41.55085838295295,-93.42664428777866,653.3891942769818,701.2710320431986,156.81862207084532,78.6831755983577,Storm
116,41.55061672437389,-93.42550796505682,665.1735704380721,707.0625696654171,117.92452141665939,1.5822558631152788,Storm
117,41.5498923771257,-93.42533701967324,677.0508554295969,712.6370994914896,30.761553850543635,-4.4893837086816575,Storm
118,41.54851301596586,-93.42647610211296,688.9744217853122,715.4139813429135,-121.9028048807822,133.4712691569032,Storm
119,41.549002415891906,-93.4238776623809,701.0965792699575,727.3294490787206,-87.69105502365768,-285.4104201411277,Storm
120,41.55060849805325,-93.41904585817825,713.3500807603027,735.2100894207159,58.18891836286713,-193.73359235577064,Storm
121,41.55193572563451,-93.41477176313579,725.5822609585978,733.9308118977006,176.18343374116574,272.3571462015524,Storm
122,41.55198063128546,-93.41306231195392,737.9497621365301,742.0500706759391,165.9457560881794,-77.90477984673336,Storm
123,41.54853028261816,-93.41834336940855,750.31383919685,741.8446236191947,-193.81735338845303,256.9911375526352,Storm
124,41.55032847517279,-93.41312734441934,762.6964987235974,742.9595716048436,-28.726340673074276,279.9928914262017,Storm
125,41.55261750091536,-93.40692965305423,775.1275837314304,745.8651004699792,185.44799083570115,211.80567328041604,Storm
126,41.55008809900276,-93.41036881699948,787.699308898695,754.3035100358785,-82.22044317216573,-68.94136283884484,Storm
127,41.55246213254802,-93.404001110029,800.4023502225664,762.1824794322849,140.45466860674276,-109.84679690623341,Storm
128,41.54988283927618,-93.40754005669272,813.1824736683914,766.8074067494982,-132.202901325563,34.0807574750101,Storm
129,41.55309676981354,-93.39949255573802,826.0222193285057,770.3847396068612,174.46190966431237,117.61787800498382,Storm
130,41.55177967782473,-93.40050709983569,839.0490996910959,781.6128217554087,28.024468035745997,-241.69410373753888,Storm
131,41.55210674447865,-93.3982333266479,852.0524984365411,780.2039247267112,46.0028906796679,294.03231006255794,Storm
132,41.55035433406028,-93.40011850760467,865.1712583908271,787.1255972571599,-143.9663939053904,10.997791418242059,Storm
133,41.55345077271452,-93.39230599041625,878.3396582398942,790.1039909440282,150.94922877118216,144.46117065252264,Storm
134,41.55287662581827,-93.39183464432878,891.57713674528,794.2487103231473,78.80629639810718,121.49045039226559,Storm
135,41.55167380988664,-93.39262063631207,904.9652504519313,803.286822399078,-56.20353951209793,-123.84489344130398,Storm
136,41.55362057233115,-93.3871074715431,918.3790787084436,804.8296953907344,123.74446219140543,186.06803680750846,Storm
137,41.55399869941103,-93.38473157750337,931.8233914164676,806.6587624814447,146.8289274320415,247.94433153388275,Storm
138,41.55272306215963,-93.38566321212622,945.3890029457897,813.9366917593227,4.536959544375122,0.9097768123197625,Storm
139,41.55401815570753,-93.38145338515046,959.0267956805475,818.2675640854652,119.31807158671006,89.97835846665907,Storm
140,41.55378012492817,-93.38030980682922,972.7144960955787,821.2620249018781,80.78675090308133,177.47560166166062,Storm
141,41.55467956121388,-93.37689129437783,986.5522212182726,830.2635073616334,156.00213672702654,-97.20290588907852,Storm
142,41.55276915408465,-93.37909246875634,1000.5651301236053,840.7745343199617,-49.76681894402239,-243.6108360954786,Storm
143,41.553727225265554,-93.37555668651457,1014.7476774292376,850.952838337934,31.312056398469593,-278.43463572195475,Storm
144,41.55342377920157,-93.37454393876257,1028.9892070528504,854.4917774167636,-13.760792747015927,25.586780824545997,Storm
145,41.55285483456503,-93.3740621881557,1043.302199475252,858.7795453441081,-85.38349914868624,54.49995634140646,Storm
146,41.55197795298375,-93.3741963114383,1057.8001110401428,869.8746938934387,-187.79990002438024,-277.59108675047133,Storm
147,41.555293636654106,-93.36594530421762,1072.3879322553948,875.2692729151247,129.0402242638633,-83.88561515324227,Storm
148,41.55265875888955,-93.36959541986678,1087.0454478140934,879.450933521919,-149.1757949392461,13.345956032882611,Storm
149,41.55537777347882,-93.36253775080829,1101.8413057732855,887.751477551519,107.99742123944435,-170.50738350189408,Storm
150,41.55493664359717,-93.36180037069161,1116.784692149551,896.603182575922,49.156190327600115,-248.7915210037392,Storm
151,41.55279909100605,-93.36445583599391,1131.7757599258177,899.4640665760065,-179.3273115325569,18.81277894088879,Storm
152,41.55490218703529,-93.35863000405546,1146.8136893962994,902.2757682289041,16.254048644042598,82.45794089892394,Storm
153,41.55579129431121,-93.35523214962365,1161.8376473323951,901.4374761657476,90.43653348906463,285.5112476775207,Storm
154,41.555099412797006,-93.35499627277211,1176.9992323783017,909.6951027543957,6.520139320478137,-106.22611623525242,Storm
155,41.556362238610355,-93.35085098126545,1192.2780614911933,916.7297467734995,118.07447790748148,-137.50064924275546,Storm
156,41.55508466194158,-93.35178649472304,1207.7074335504972,925.7623235582307,-24.411431717745558,-252.92617119464043,Storm
157,41.553577461659884,-93.35318125540645,1223.0970175139944,923.3750378098357,-189.859702633817,277.58904880675505,Storm
158,41.55696726159575,-93.34478201565477,1238.544968086253,926.877034335518,134.39204820488231,117.58452365621878,Storm
159,41.55540643531884,-93.34628402832864,1254.1467319732105,936.1058332174489,-36.41882223429204,-196.02340795749254,Storm
160,41.55454365413934,-93.34638995080768,1269.8599068444107,942.7904922720176,-137.4251829315656,-149.8542611012428,Storm
161,41.556262095054954,-93.3413334290965,1285.5919599223369,943.9231846755662,19.6906658824482,128.7575536200374,Storm
162,41.55685326033048,-93.33853145866549,1301.453061374252,951.6660871149139,64.07895068709252,-132.0396618324343,Storm
163,41.55817921437373,-93.334259910699,1317.3300403853486,952.6187406658017,181.94611226527763,142.73815001746112,Storm
164,41.556724451888606,-93.3355497957893,1333.2713159565712,956.476534273363,21.741621004560272,67.03244774061136,Storm
165,41.55633271835575,-93.33471362297506,1349.345610344752,964.4576632908525,-32.15997502888405,-151.36140629930551,Storm
166,41.556225491248114,-93.33330843731036,1365.431774454018,965.1698465559681,-57.610928539495376,154.70766627862145,Storm
167,41.55500645691551,-93.33412686609563,1381.6836979408058,975.1154092072652,-194.24260454809766,-230.35641569585027,Storm
168,41.555280175956554,-93.33195978813357,1398.0835433572347,983.9907249857396,-181.5989431912989,-275.5627186086179,Storm
169,41.55866529015198,-93.32356991986275,1414.4898646007912,984.3792746133931,142.1842336044029,122.1947156280142,Storm
170,41.557287425559764,-93.32470600916723,1431.0558204269837,993.9573495715459,-10.330468365069919,-241.2995036093991,Storm
171,41.55750447617136,-93.32265226806408,1447.6752217390706,997.1640787252147,-3.353649953267052,-15.916937531660608,Storm
172,41.55637810257801,-93.32328537537082,1464.3726773938822,1001.8473392886973,-130.71925203599392,-39.68901045721617,Storm
173,41.557426596463436,-93.31956874772001,1481.1098710612823,1004.2316200440025,-40.59810624105063,69.5100588313299,Storm
174,41.55852023455678,-93.31576183165335,1498.0109173253973,1014.062775846893,54.03746034705753,-272.81759413677327,Storm
175,41.557625592839294,-93.31593147520836,1514.9296274549636,1015.1226077739831,-50.15495414941151,75.51594942854183,Storm
176,41.55828696984259,-93.31298908132182,1531.847542128633,1015.0748804201655,1.2545034320350794,213.8939047129934,Storm
177,41.55905648176222,-93.3098304176026,1548.9185202422054,1024.258686814341,63.47745264757799,-202.2393437511422,Storm
178,41.55685126465282,-93.31262121194143,1566.0124854390099,1025.6379118082727,-171.77250103982806,85.45156692378936,Storm
179,41.556822317332866,-93.3110594667014,1583.1639173329986,1029.0859136393242,-189.3954757833513,51.46534876407799,Storm
180,41.56062447548387,-93.30183551051941,1600.3738059452844,1032.5933167371534,176.09209656998303,45.284506725527365,Storm
181,41.55856351665047,-93.30433778830624,1617.6292770437803,1035.3282659097567,-44.732029517391226,85.9729310654119,Storm
182,41.55899113093509,-93.30186291985706,1634.9546967496158,1039.5251823501299,-16.698843803393345,27.370073589560945,Storm
183,41.56107126103571,-93.29608301977586,1652.37821074255,1045.4108395760513,176.5859235106101,-68.33841731953544,Storm
184,41.56129744648337,-93.29401100900057,1669.7874588730765,1044.554887831586,184.47622552956568,243.2103851736382,Storm
185,41.55838313119471,-93.29821999969795,1687.3772790538299,1055.3892108452048,-121.68354608428143,-258.3832194749007,Storm
186,41.558150361088536,-93.29706590003032,1705.1156815557124,1064.3041501129526,-159.68879944902935,-289.06690460907015,Storm
187,41.558272303353526,-93.29520237562038,1722.861407448687,1064.7435535784737,-162.22281569762865,109.80406404981409,Storm
188,41.55832656853182,-93.29347420538384,1740.7189061765741,1071.4499236732302,-171.5245406159084,-108.61462182374322,Storm
189,41.56156859760933,-93.28537050734886,1758.7294163249549,1080.6306089028435,137.95012438778184,-286.0368385585045,Storm
190,41.56159425272329,-93.28369955724098,1776.8227096315027,1085.597598392864,125.78739303557433,-130.88713513596005,Storm
191,41.55895632053089,-93.28735578174582,1794.9250702522854,1086.141637246969,-152.7340689513375,118.04229921849037,Storm
192,41.561146715035,-93.28135535285763,1813.0217635978727,1085.801600735241,51.57713871195361,226.48320811623182,Storm
193,41.56171851025057,-93.27859212254653,1831.1408156241316,1087.1431215755424,94.02841752155433,182.08855823090914,Storm
194,41.56005364679312,-93.28030220958148,1849.4082234031887,1096.0444667434192,-87.18617097147741,-193.5362737321663,Storm
195,41.562075249936875,-93.27463936341401,1867.6666869515038,1095.5078128989092,100.24590065634334,184.10084356035838,Storm
196,41.56318209392579,-93.27080603555622,1886.0264430708667,1101.5853671617724,196.2020568002693,-52.42939385314412,Storm
197,41.56085542812843,-93.27383972727098,1904.3963282989002,1102.193113682014,-51.192765682886744,165.84777644519812,Storm
198,41.56087785237375,-93.27217523890037,1922.7646863043274,1102.1014803256296,-63.67858389879285,258.4543953621388,Storm
199,41.56309557164759,-93.26612016047274,1941.2436379425806,1108.7370982951923,143.36510073720473,-42.60358357498899,Storm
200,41.562812687338855,-93.26506628921025,1959.7445906987873,1110.0571653724041,100.34842711659894,152.72572445080942,Storm
201,41.56036898097051,-93.26833406206698,1978.2546397470883,1110.6029428980548,-158.75045246562695,241.53174400774003,Storm
202,41.562124777412436,-93.26320282930317,1996.7996306244054,1112.699452639024,2.1009489791428564,195.87447966464498,Storm
203,41.561531248754235,-93.2627702467396,2015.3653337243313,1113.942185995551,-71.98015958775531,237.31393709772033,Storm
204,41.561955139492525,-93.26030282538306,2034.1352099503515,1126.192573561212,-44.319328506334756,-293.49740911182096,Storm
205,41.564167143110744,-93.25425917826666,2053.0467996827383,1134.6953839432133,162.15279056770544,-245.22799392831985,Storm
206,41.56197015218291,-93.25703352024239,2071.92554657615,1132.724813604691,-72.27454496383405,270.03718023048293,Storm
207,41.56464260864777,-93.2500689674327,2090.889092112488,1137.8127321802995,180.24285877502246,44.06273287397164,Storm
208,41.56351481133617,-93.25070492217593,2109.945893682042,1143.408094173242,52.7348848679197,-30.93268681300816,Storm
209,41.56230758800176,-93.2514997289648,2129.11272964238,1150.0101576202785,-82.71569132077418,-102.80127277805042,Storm
210,41.563972101166755,-93.24655106275485,2148.2965158848497,1151.0271745481725,69.00738243081537,151.42471766260803,Storm
211,41.564595625944825,-93.24368437331874,2167.5106496275916,1152.8480245645294,116.63161749033941,173.77088567673235,Storm
212,41.56194141660959,-93.24737315210926,2186.818476960943,1158.469640001075,-163.51755878052387,-3.3478171784511233,Storm
213,41.561954109664946,-93.24572812611859,2206.194888138782,1162.5846706703485,-176.9764959933423,29.717329394241347,Storm
214,41.56363727905784,-93.24074214745282,2225.574164491701,1162.756581175155,-23.387799450649197,232.6225096549798,Storm
215,41.56342209953003,-93.2395528666285,2245.128933623309,1173.2861478964635,-59.633994979168534,-229.75979014343648,Storm
216,41.562737688635515,-93.23930204853757,2264.690585967349,1173.699140642397,-142.80332717886566,156.90637903048332,Storm
217,41.56478587658804,-93.23358603275256,2284.4215796734215,1183.8596223643556,47.28722532650443,-239.32639432632584,Storm
218,41.562796713986714,-93.23594471807526,2304.1670801058976,1184.7300259485712,-166.35727755400103,120.58147887547199,Storm
219,41.56289862121519,-93.23412126373834,2323.9308463357856,1185.8259737932788,-170.8947974543226,193.11603557421375,Storm
220,41.56557982052583,-93.2271392252371,2343.8694538071245,1196.3164482803406,82.49689086259849,-251.19073161486014,Storm
221,41.56324148490102,-93.23019625660676,2363.7632783621757,1193.629473303085,-166.06491436592324,291.9837471007053,Storm
222,41.56454649965518,-93.22596658721848,2383.7803820884606,1201.02622357709,-50.291681697551866,-77.61471175986546,Storm
223,41.566447897168665,-93.22054415231155,2403.7759657263914,1199.7350182758453,125.11982690300101,268.3491464303153,Storm
224,41.567287985582404,-93.21724433560412,2423.8186288680804,1202.5597885013287,194.40042552914838,152.02691115536499,Storm
225,41.5649963020967,-93.22020806269555,2444.0358483528194,1213.0331690843373,-49.496165787633686,-249.89956998079873,Storm
226,41.566747133845766,-93.21508675931746,2464.2968513425662,1215.660179384809,110.8587663709747,35.04254984148304,Storm
227,41.56548271664652,-93.215995953836,2484.5525057885093,1215.339266756591,-30.311196301209492,243.8126310568416,Storm
228,41.564377900966235,-93.21658594531661,2504.904872654816,1221.142011978401,-155.52100707753948,-4.424937425484529,Storm
229,41.564125808043556,-93.215470491282,2525.3393952941287,1226.0713583587774,-195.45854209303238,-18.803614803524226,Storm
230,41.564452888994694,-93.21319668949978,2545.9234268985424,1235.0418962648253,-177.47868972726505,-228.70925023915686,Storm
231,41.56484506330654,-93.21079270099611,2566.529805892662,1236.3827396471622,-152.98950128915806,89.52618126963813,Storm
232,41.567506420263975,-93.20385034720128,2587.196002334294,1239.9717864979316,98.41795170616933,50.021259058295755,Storm
233,41.568518213368286,-93.20020712111271,2607.9611522000946,1245.9089919480416,184.86901938981674,-75.07765228577756,Storm
234,41.565959653947,-93.20370460007533,2628.715079979152,1245.2356667434503,-85.7151654872557,221.15947691367614,Storm
235,41.56585847138342,-93.20228732532252,2649.4643446358705,1244.9558794031145,-110.56166459221895,277.9335236643668,Storm
236,41.56515998835558,-93.20206465149825,2670.216610443037,1245.135948430008,-195.13821012407345,281.92729602458337,Storm
237,41.5654312925321,-93.19990240326524,2690.992486935454,1246.5525895450116,-182.73603521976955,234.68586821884264,Storm
238,41.567516739748115,-93.19411186895324,2711.77140005589,1246.7347872261398,11.080443634519952,295.7788776715802,Storm
239,41.56584840399819,-93.19582890057315,2732.649830968173,1252.7058547369875,-170.48137410584044,32.312570640792444,Storm
240,41.5695777103092,-93.18675064807117,2753.6132012708076,1257.8022181580766,187.72101424763957,13.858706502089262,Storm
241,41.56836537714674,-93.18755567451612,2774.623729861657,1260.6317154509688,51.759455254105006,117.4492133907703,Storm
242,41.56781322928074,-93.18704033036816,2795.7029526520973,1264.7533674264068,-18.183574092890694,76.53484805043809,Storm
243,41.56847960469684,-93.184087939656,2816.792671160403,1265.3831104983421,33.72572476924009,240.69480629459338,Storm
244,41.56647141539799,-93.18648467837373,2838.0317744362615,1274.3461965515023,-181.82144786341684,-131.4220862446618,Storm
245,41.570238558240405,-93.17733075280896,2859.266340437085,1274.0739600494067,180.16459363062347,234.1582703345498,Storm
246,41.56840682174272,-93.17937458592436,2880.579838527788,1278.8098854421771,-17.737298885714836,72.07955868092205,Storm
247,41.56784100189098,-93.17888658574788,2902.0462326900924,1287.9836497382564,-89.04752680754693,-187.12730416574323,Storm
248,41.568733553206286,-93.1754818432373,2923.607600372609,1293.6820609509741,-14.520638024007127,-87.9886631843683,Storm
249,41.56936066646141,-93.1726079768471,2945.322690795418,1302.9054253685538,33.462444740348815,-253.3592178210091,Storm
250,41.571070903672144,-93.16756786254567,2966.9910556455598,1300.101891008501,189.75792306646662,291.7264466877617,Storm
251,41.57011325372503,-93.16786352255994,2988.747390143557,1305.380069879824,79.26468560789806,21.65781980647222,Storm
252,41.568705999761576,-93.16905839060689,3010.5156752283106,1306.0971050852252,-76.1889534854689,188.27701182416922,Storm
253,41.57035409641413,-93.16414255742183,3032.4408631127294,1315.5112730651288,73.89246902155173,-202.42983639306522,Storm
254,41.57140616288935,-93.16041878459141,3054.3568835823244,1314.9612281757045,164.370873797537,193.5223457539014,Storm
255,41.57170893623203,-93.1581935980261,3076.314757098738,1317.4724109848078,179.9199653167696,135.431705033016,Storm
256,41.570510679790075,-93.15897047103005,3098.3732701504923,1323.5107831052446,45.36607837431595,-49.054178225628675,Storm
257,41.571935215367226,-93.1545017599958,3120.4269897361546,1323.2231751397471,173.09139334160528,219.63833370024497,Storm
258,41.56853245854171,-93.15968763376686,3142.6666412481873,1334.3790907219468,-181.91253195752424,-284.1798153016488,Storm
259,41.57000471975627,-93.15512347145777,3164.891352385795,1333.4826682564722,-49.414653248780155,186.33199846909974,Storm
260,41.572595253233494,-93.14832276462336,3187.270157897878,1342.7283307249763,194.9104517259778,-209.74986533788308,Storm
261,41.57116995400512,-93.14955372320016,3209.7226223997277,1347.1478701109734,37.652286140854045,-71.46548602138708,Storm
262,41.57282037116245,-93.14463324900554,3232.1642046533866,1346.494935219534,187.96575912584126,205.27135388142523,Storm
263,41.57244131081751,-93.14377172981546,3254.693296187958,1351.7454920742664,135.33148188445512,-18.784104123017812,Storm
264,41.5708945564355,-93.14524559869953,3277.3313732266834,1358.284622323519,-34.072199064933926,-135.95575684157626,Storm
265,41.56960806284022,-93.14619894601012,3299.9479687089774,1356.995728937651,-177.44980133962915,218.83342575303197,Storm
266,41.57278144731761,-93.13823253717537,3322.545795422467,1355.869602809389,125.16040365203105,299.83060397167833,Storm
267,41.57366367305686,-93.13484844581691,3345.2249574085727,1360.7497191663465,198.65473482956213,33.25902336157645,Storm
268,41.57290035779677,-93.13475543645714,3367.887626773411,1359.7601618903032,107.59496607220422,266.8594379294568,Storm
269,41.573370280126234,-93.13219595191825,3390.6945079046636,1368.4128678751556,139.8589562709646,-151.5911389540814,Storm
270,41.57192114953224,-93.1334745732263,3413.6340838144943,1376.3745545898425,-19.78234587596259,-222.504350909103,Storm
271,41.5740824595275,-93.12753231335579,3436.5998526331023,1377.9461291164926,181.62041090348896,63.70478067052801,Storm
272,41.57132810906796,-93.1314213743949,3459.599938745725,1380.0051667573587,-108.54287779861491,103.02041064351403,Storm
273,41.57303333323526,-93.12639128618036,3482.701160130368,1386.0732830785678,47.25129618315833,-85.10236918029571,Storm
274,41.5711623330697,-93.12851364663152,3505.8244056534186,1387.3947313830454,-154.57696312014838,102.94391735567979,Storm
275,41.572936615931994,-93.12334544102697,3528.964503466967,1388.4058688128944,8.12308036151731,163.3910350413836,Storm
276,41.5730833215603,-93.1214323898904,3552.1123611280364,1388.8714596641469,8.065400444797348,211.30890019112405,Storm
277,41.57335757733842,-93.11926423845419,3575.332998169929,1393.238222513551,20.762735509794226,36.56278292123176,Storm
278,41.57480384682143,-93.11475205960821,3598.644606870626,1398.6965220418276,150.66144106333803,-57.91028027256178,Storm
279,41.57198057575208,-93.11877896186697,3622.1126992077966,1408.0855402302316,-146.3939086197437,-282.7303942119966,Storm
280,41.574612346288454,-93.11189578091425,3645.59556488809,1408.9719408176056,102.05490226944761,72.18573081207882,Storm
281,41.57455539876563,-93.11039003607993,3669.201259484993,1416.3416758141857,81.63190723968944,-172.22150309465354,Storm
282,41.57243184802305,-93.11301749768514,3692.947414098635,1424.7692768185102,-145.4514097652921,-291.27320059927087,Storm
283,41.57343599478341,-93.10938956428446,3716.7038092420776,1425.3837086065662,-59.764976477361216,53.95061211277982,Storm
284,41.573749903156056,-93.1071421076592,3740.5271637957144,1429.4012732182048,-43.10238196010707,-37.515046785762536,Storm
285,41.57594484418111,-93.10113258572915,3764.4278801989985,1434.0429841970465,161.66347779749935,-91.04671978601979,Storm
286,41.57453144978725,-93.1023397346369,3788.313112905154,1433.1139623693368,5.595795663924321,170.19180764468587,Storm
287,41.574208945387376,-93.10136510355669,3812.2378317815114,1435.4831325814382,-41.38288707149195,73.25202013672407,Storm
288,41.57621951152055,-93.09572433141038,3836.1309163101932,1433.585071720902,144.94548349869808,269.7123741945853,Storm
289,41.57350563303675,-93.09953244849801,3860.016582185769,1433.139952534548,-141.17060762838483,255.95257509689668,Storm
290,41.57503308671283,-93.0948579012659,3884.0321755819673,1440.9356037718874,-3.153482768184716,-145.053367020625,Storm
291,41.575048446992945,-93.09320754082572,3908.000168480563,1438.079573915732,-16.345697504695465,288.01954517128627,Storm
292,41.57532965877144,-93.09102547738877,3932.087478720807,1445.2386144146474,-2.9527624028521586,-102.74903382749508,Storm
293,41.576040072240204,-93.08798501057126,3956.28017000822,1451.5614772447777,53.36034172669031,-155.91262873308415,Storm
294,41.57395720456285,-93.09053110604601,3980.5924327593652,1458.7357650687209,-169.65466875653442,-222.67216685361046,Storm
295,41.57431321703372,-93.08819944122432,4005.009525155822,1465.0255437873957,-148.78166441689103,-208.8583838926234,Storm
296,41.574503624795966,-93.08619898581986,4029.430039491659,1465.230860150227,-144.46913094023594,84.52484688192874,Storm
297,41.57482311887044,-93.08394035779096,4053.9361603911584,1470.3672539699737,-127.24796624034207,-92.59963000568209,Storm
298,41.57783003459995,-93.07630688645199,4078.4874018570736,1473.0744879548977,158.71536396240475,-15.623015842276573,Storm
299,41.57706039434188,-93.07622652708815,4103.149434736789,1479.721972782918,67.02309540841088,-196.6080772790221,Storm
300,41.5753066018905,-93.07811447211095,4127.9314067396,1486.9183201686633,-123.08439247653169,-275.4788302401127,Storm
301,41.575360468495035,-93.07638709902193,4152.77467418947,1490.5960469922036,-132.42597477113418,-132.84579658082484,Storm
302,41.57554005260733,-93.07440829091738,4177.725561293287,1497.0532262290328,-129.1958062893013,-246.77847974576662,Storm
303,41.5754618365821,-93.07294508308789,4202.697157345502,1498.2957631328932,-151.74565155975966,-23.53273918036456,Storm
304,41.5759519103988,-93.07034529557453,4227.725700358504,1501.7125807801153,-117.466512637683,-81.43808337115473,Storm
305,41.57728752703607,-93.06605442242001,4252.741241521404,1500.9324697739921,1.3669083419427466,114.2368971776192,Storm
306,41.57557838893949,-93.06785305873322,4277.739763293041,1499.911306298214,-184.27514406356042,179.64623934542556,Storm
307,41.57808002436556,-93.06123014800112,4302.874223353443,1508.0676036241325,51.160155796363114,-250.94458083067684,Storm
308,41.579210019731505,-93.05735051738927,4327.94087669625,1503.9992005683785,149.4314496427109,252.52344031908797,Storm
309,41.57610729950198,-93.06193631796837,4353.111201794015,1510.219505865907,-175.5688160580545,-133.87341111167777,Storm
310,41.5792350752092,-93.05406112667396,4378.260520080027,1508.9590971607108,122.48051191722453,148.95581423019502,Storm
311,41.57689563659493,-93.05712036402254,4403.520814740273,1515.6176796147543,-126.19159225744907,-174.3904059979738,Storm
312,41.57778672335615,-93.05371855062015,4428.810243411131,1517.3657202514712,-51.811158883447206,-9.286208885387225,Storm
313,41.57892513645858,-93.04982208453532,4454.164228767807,1521.239121400602,47.30190861211838,-78.65181625813656,Storm
314,41.578449538664465,-93.04915364024359,4479.5008754457285,1520.1988006753159,-14.986113546740853,148.4825628802539,Storm
315,41.576893415038974,-93.05064624761462,4504.939334717064,1526.3075562801735,-185.32671884376083,-148.53783339358756,Storm
316,41.57974736299842,-93.04331871181576,4530.326686229647,1523.241090754936,85.33983435382095,237.12410261231958,Storm
317,41.57908795685082,-93.04301788423099,4555.768951887544,1526.5359394738598,4.670976846266456,19.268091159189396,Storm
318,41.57761721755519,-93.0443397229423,4581.267737153975,1529.927115985874,-157.1311954640896,-31.55257990592719,Storm
319,41.579466281003135,-93.03902195616645,4606.859687714483,1535.5170336304566,13.046906582009257,-154.5176978191622,Storm
320,41.578560067288585,-93.03921474371559,4632.505729578321,1538.7625118302587,-92.30270762024762,-73.62950213722641,Storm
321,41.577710661583374,-93.03929391524606,4658.221496806892,1542.946033714249,-191.97152088890945,-106.75250065009303,Storm
322,41.57862345124772,-93.03584869603739,4684.001627717883,1546.8078546594381,-115.42079720138214,-103.50158869325122,Storm
323,41.57840399017449,-93.03466797830389,4709.732075336333,1543.8268571070123,-152.09514727229953,234.316368443937,Storm
324,41.58044659388891,-93.02896313099511,4735.485132744999,1545.1834445199713,37.436981421619464,107.46139148669374,Storm
325,41.5813761914566,-93.02548429597977,4761.290167567318,1548.3020893391727,115.6684954429353,-0.9346806425656382,Storm
326,41.578714470082,-93.029188098849,4787.131547899403,1550.4828199250574,-165.23188476503051,22.26392509112867,Storm
327,41.5808614358292,-93.02327452747464,4812.969723000294,1550.2905060534865,34.73644720835165,147.263684510598,Storm
328,41.58038799196951,-93.02260177531406,4838.940334844086,1558.2367106275171,-27.33618150812825,-223.45181832266175,Storm
329,41.579943739835265,-93.02187063970258,4864.964409770532,1561.4444955868055,-86.48963768051021,-82.15062216081895,Storm
330,41.58153958760487,-93.01705930428342,4891.008978663963,1562.6741336058233,58.36689653264051,42.466982801347115,Storm
331,41.580527587970614,-93.01746366367198,4917.0009862442585,1559.5204548177387,-57.56130964086151,291.90914927578785,Storm
332,41.58167358277193,-93.01355203418939,4943.114567258083,1566.8148608294725,42.309927742754866,-157.6639249584033,Storm
333,41.57980489581245,-93.01566976822838,4969.330296466854,1572.9437525262178,-159.2870109518385,-208.2845164894008,Storm
334,41.580528879262985,-93.01260216144735,4995.6384355614255,1578.488345674299,-101.61690864619675,-203.5911760442666,Storm
335,41.58043859887313,-93.0111630823471,5022.010370587163,1582.3161015442683,-125.37319037947769,-128.94289878369173,Storm
336,41.58053310758558,-93.00935442504225,5048.326973971506,1578.9962030605775,-130.6505618820981,238.05925477585515,Storm
337,41.58030783061452,-93.0081853391044,5074.6949461612585,1582.0783313851325,-167.9065017353431,14.70683374215281,Storm
338,41.58177576536731,-93.00362982971886,5101.00704953165,1578.7262022234927,-35.841269204135386,289.4271701451638,Storm
339,41.580729616095496,-93.00410248838253,5127.406330414956,1583.9568529983237,-155.18443913277906,-61.28664057255503,Storm
340,41.584306624647404,-92.99532883139875,5153.772228134359,1581.9538631641562,187.78817331014756,219.3042755363881,Storm
341,41.583844313625576,-92.99463381356244,5180.250981953671,1588.7252291587138,126.82882837971198,-145.2583037730361,Storm
342,41.58140685811882,-92.99788908469601,5206.730412979981,1588.7658615786288,-131.64496504397368,101.1859319546586,Storm
343,41.58458809415325,-92.98990697274719,5233.252581861444,1591.3301328877606,171.7503956510343,34.05773580835785,Storm
344,41.58330432338208,-92.99085487440955,5259.868246059253,1596.9398518685186,28.64507578795994,-132.0125438038295,Storm
345,41.58424312678445,-92.98735762772486,5286.580708292043,1602.7477339673924,107.79717327677474,-187.77375086548597,Storm
346,41.58260715442478,-92.98900993256424,5313.334069359105,1605.2016640237605,-70.52830543830254,-44.73813683014993,Storm
347,41.58349016142137,-92.98562427869109,5340.174431816705,1610.4217474559885,3.0441514737819944,-154.55416055095185,Storm
348,41.58206634963307,-92.98685226238776,5367.017079563634,1610.558864815775,-154.06527010431859,66.37202546497957,Storm
349,41.58290880697455,-92.98354770782483,5393.88564673197,1612.1140301001847,-84.54777870389769,48.74293285356737,Storm
350,41.58251901805016,-92.98270764579364,5420.800107810238,1614.8676646960525,-138.25491389031907,-11.315938887109496,Storm
351,41.58417920734674,-92.97776762732052,5447.841840795021,1622.5039790870073,13.035773020634338,-268.9058779065439,Storm
352,41.58354254915679,-92.97742130382046,5474.970123799955,1627.6969802960489,-65.35828872243178,-219.35119383661544,Storm
353,41.58259691435338,-92.97769293354732,5502.01335774951,1622.594036973298,-174.6500118108929,293.9761394339671,Storm
354,41.583780112278866,-92.9737068978164,5529.051750058895,1622.303538563124,-71.05846201011082,185.9246675127809,Storm
355,41.5836565419455,-92.97233439860317,5556.107319427786,1623.3341621334805,-98.14373809449447,108.90163333435754,Storm
356,41.585826173193475,-92.96637549622724,5583.193884025535,1625.1938758649696,104.0911439558746,57.38324436470657,Storm
357,41.58481884893559,-92.96677050486306,5610.34543445999,1629.0930260673308,-11.369524579936638,-52.89545151163887,Storm
358,41.58447529967504,-92.9658379635042,5637.449007929669,1626.214408180715,-60.45269338280187,257.71748654869555,Storm
359,41.586549586667495,-92.96006974963933,5664.525196516916,1624.5713152348121,132.24776311509163,279.0161463999076,Storm
360,41.583871580357766,-92.96380612237884,5691.627594689148,1626.1438903338967,-150.28111060578212,138.52048512218653,Storm
361,41.58727503571858,-92.95537957177724,5718.85780750084,1633.812768701526,175.3361827284151,-191.2601603006039,Storm
362,41.583934941388236,-92.96044012055796,5746.07474734716,1633.0163907792385,-173.40149305328902,144.67238957403544,Storm
363,41.58611413119897,-92.95446210105655,5773.284843347779,1632.6057600371564,29.789245271964774,205.09726605496326,Storm
364,41.58452261068023,-92.95602550221406,5800.5050984294585,1633.2153049007404,-144.0910493494842,177.1603871159341,Storm
365,41.584917312881394,-92.95361645793177,5827.862270639325,1641.430332592003,-119.34907198090218,-201.8064342805773,Storm
366,41.5849151492204,-92.9520011453738,5855.193024393531,1639.8452252523418,-134.29368082760283,188.74483213882928,Storm
367,41.58706615733893,-92.94607948925677,5882.586895709315,1643.632278947056,66.07888827848006,13.839254861471602,Storm
368,41.58598797282012,-92.94661621841443,5909.959408916907,1642.350792455479,-56.467806350599005,226.32032448786492,Storm
369,41.58626971374079,-92.94443309669313,5937.34163074726,1642.9333098211657,-43.021957030945856,189.95966368294626,Storm
370,41.58660375537286,-92.94214537354904,5964.821359265817,1648.7837111133833,-24.346036571912634,-73.83334234505546,Storm
371,41.586845217308735,-92.94004280979733,5992.39135699049,1654.1998634804133,-14.928085732157427,-119.17327550151475,Storm
372,41.58813221811424,-92.93584916830636,6020.004123572425,1656.765994916118,99.04375207050043,1.6322340554875154,Storm
373,41.58621791380159,-92.9380581370517,6047.587924481733,1655.0280545584912,-107.11492194127308,239.74474396474113,Storm
374,41.58697191033397,-92.93493050410697,6075.235172103156,1658.8348572854027,-46.44351145071545,26.131716668393153,Storm
375,41.58920951631982,-92.92883565225532,6102.913406345503,1660.6940545408065,162.5888443858188,74.54279754839524,Storm
376,41.58619850246627,-92.93323804008247,6130.563244301083,1658.9902773347653,-153.24078371665436,263.89927416808507,Storm
377,41.5883890249432,-92.92723735524865,6158.32356571307,1665.6192847192428,51.08322122856714,-99.05663120574832,Storm
378,41.58658256344904,-92.929230638357,6186.072471182102,1664.934328141913,-144.2911709346451,176.41511356217757,Storm
379,41.58865304860957,-92.92347002815598,6213.884323009366,1668.7111096358587,48.0291023714054,20.0766551857929,Storm
380,41.58989561034554,-92.91936526480407,6241.6955853785885,1668.6757421533578,157.55703322038306,173.15832673471846,Storm
381,41.587074021959744,-92.92338880169571,6269.614839992904,1675.1552768589472,-139.33004810689954,-112.96675932267107,Storm
382,41.58760856142755,-92.92070008288015,6297.530845658337,1674.9603399259472,-100.6043440742137,146.36777554360617,Storm
383,41.58689601703471,-92.92050553178586,6325.498888900118,1678.0825945068393,-186.58702610568824,41.93381092278992,Storm
384,41.5899590044662,-92.9127599170429,6353.449378013787,1677.02934682014,104.9834742962762,226.05938205704967,Storm
385,41.588424779145576,-92.91420872780421,6381.410012110969,1677.6380458309065,-63.167300513637,192.7543828032077,Storm
386,41.58764626152601,-92.91414612316338,6409.375633787232,1677.9373005757795,-155.7473052179171,207.87137504071092,Storm
387,41.587860971655,-92.91209706302544,6437.439597374719,1683.8378152491882,-149.00453506720703,-61.62762566377964,Storm
388,41.590687480896264,-92.90482440466296,6465.628422983746,1691.329536541623,118.91814631182143,-210.04954359073574,Storm
389,41.58856258744155,-92.90745455169242,6493.810604855926,1690.930912330815,-108.2994419069434,133.35154103583977,Storm
390,41.59067301043428,-92.90161406582699,6522.028644447737,1693.082375508686,88.01461461842973,84.68857973117838,Storm
391,41.59071594049344,-92.89990856582872,6550.298956751394,1696.2187382194359,77.57937778683998,25.6346660085577,Storm
392,41.58909462537868,-92.90153155617828,6578.655656847912,1701.4020057910757,-99.2803764372189,-92.58240389764833,Storm
393,41.58896110243773,-92.90017896218022,6606.9742044867935,1699.1128583329096,-127.36091327942974,245.07033680017696,Storm
394,41.59071556117706,-92.8950504048216,6635.384503177441,1704.6179214388585,33.35671790644818,-59.489149941816066,Storm
395,41.59037729964005,-92.89410728801566,6663.752410659344,1702.0744489141503,-15.197678542346921,268.3700037670892,Storm
396,41.589289964465415,-92.89466231848496,6692.1781946287565,1705.5470381647413,-138.6594387535679,51.73789921007835,Storm
397,41.590847395995965,-92.88992781554391,6720.64052424857,1707.7397771888043,2.3554715537864013,66.8725412607887,Storm
398,41.58904356444319,-92.8919158387695,6749.088128887615,1706.8562783427346,-192.7559264716638,223.27434536649093,Storm
399,41.592846879265316,-92.88268956924529,6777.596796800498,1710.5200747729534,172.84731299344497,39.07991015352536,Storm
400,41.592052291858366,-92.88265910417924,6806.080654044821,1709.0314346593664,78.6603295507569,253.4996287063774,Storm
401,41.59224192552758,-92.88066019696083,6834.712748518775,1717.9256684372215,82.89545372535946,-208.4765742514432,Storm
402,41.59186540685847,-92.8797935944191,6863.36231289246,1718.973862421114,30.515344066725277,64.02902782971353,Storm
403,41.59140405853049,-92.8790966511951,6892.022900098066,1719.635232336362,-30.347731479045592,141.86654137483367,Storm
404,41.593592286331834,-92.87310055571245,6920.663719433413,1718.4491601207906,173.74680590760596,255.34110774406577,Storm
405,41.59180545818585,-92.87505457212445,6949.459117529031,1727.723885737072,-19.66425143834715,-232.05717249554687,Storm
406,41.594088747923564,-92.86886835276908,6978.2217841495885,1725.7599972334813,193.9364795849338,203.3388518675605,Storm
407,41.590795316279994,-92.87383557617625,7006.969677963518,1724.8736288357666,-150.13492751869325,252.50512957042338,Storm
408,41.59392353343091,-92.86595950199445,7035.790364562501,1729.2411959390022,147.9585448248513,11.30283427564325,Storm
409,41.592956332153115,-92.8662742646701,7064.688587442457,1733.8933727973692,36.5101742979717,-60.59837767792183,Storm
410,41.5909575593929,-92.86865217031057,7093.66877038774,1738.8109767169624,-178.09534447118747,-98.88165501245945,Storm
411,41.594097209059484,-92.86075323109743,7122.790554275943,1747.307033292182,121.14137943920457,-297.2207861972383,Storm
412,41.59236707437933,-92.86259386057779,7151.95327621004,1749.7633160458481,-66.60033132354232,-61.09878384543401,Storm
413,41.59332994253179,-92.8590484843929,7181.067656143938,1746.8627960338595,14.95824117516915,251.91336984765633,Storm
414,41.592713026524976,-92.85866267652656,7210.275619155989,1752.4777807230814,-61.461602253615496,-91.8280788622634,Storm
415,41.59442492996743,-92.8536192297617,7239.528284896925,1755.1599444561198,95.00049924389936,-28.66923546611571,Storm
416,41.59252062669423,-92.85580819642814,7268.828810102268,1758.0315123206367,-110.15807082400721,-28.536290320383955,Storm
417,41.59233291791146,-92.85456397411372,7298.231139090154,1764.139739273172,-143.65719184808006,-194.16780809626601,Storm
418,41.593910243348375,-92.84978968335993,7327.670100726583,1766.3376981857068,-0.6528909042081068,-48.64473029727125,Storm
419,41.59572343828916,-92.8445436535984,7357.166289786692,1769.771343606535,165.93836042724,-82.56366053002014,Storm
420,41.59453369051348,-92.8453035092698,7386.661393641603,1769.706231294697,32.23534011121737,79.35857275171821,Storm
421,41.5924109973662,-92.8479292556844,7416.162544388156,1770.0690447931313,-194.76221736466655,98.12242321002634,Storm
422,41.5932180458348,-92.84469551886724,7445.6135056030025,1767.0576728908018,-128.78561325209944,276.6421904816731,Storm
423,41.59324783530581,-92.84301630004526,7475.1420031319285,1771.709851735566,-140.53490889875482,-51.225525763785754,Storm
424,41.59314186549459,-92.84160859978775,7504.606017131709,1767.840839986843,-165.86013276854246,298.12455110756844,Storm
425,41.594956529291075,-92.83635963231481,7534.116811735579,1770.6476762321568,0.8780041324970398,57.23101039202629,Storm
426,41.59336333758678,-92.83792637584344,7563.626167541649,1770.5613483641773,-173.169409044629,149.9762822395067,Storm
427,41.59408193647708,-92.83486953818289,7593.1132652128,1769.2258602690442,-116.03776276176569,238.8325736644282,Storm
428,41.59421015509411,-92.83299346106887,7622.729791094543,1776.9915529045695,-117.94414380719714,-185.58736760180005,Storm
429,41.59368307763105,-92.83242797611503,7652.383284423978,1779.2095997661038,-185.38013286076205,-16.75983293400043,Storm
430,41.59594352592018,-92.82628743965681,7682.165774943057,1786.9494311447268,25.93645330504657,-260.5748163429886,Storm
431,41.596933554281385,-92.82268774305443,7711.9755922784025,1788.5890401207462,110.21104667800421,-28.026699151183436,Storm
432,41.59607628731939,-92.82278263709846,7741.830977974048,1791.3231417387606,9.756107731032017,-35.54235183706311,Storm
433,41.59572906091306,-92.82185745003117,7771.706415897079,1792.526275381801,-39.6947756498696,35.78419878493071,Storm
434,41.594894252080756,-92.82190742781582,7801.683001662948,1798.5951459521857,-137.90390162771502,-190.84312170283732,Storm
435,41.59786771600856,-92.81434086008024,7831.587067360847,1794.2439418739252,144.71424840540692,267.6692772801796,Storm
436,41.5960610932171,-92.8163344657832,7861.592457034798,1800.3233804370664,-50.676273488098815,-137.55319611386773,Storm
437,41.597291136552414,-92.81225473923261,7891.638814213759,1802.7814307376602,57.59981729560633,-54.75949734114215,Storm
438,41.59496396622958,-92.81528943999832,7921.781252669283,1808.5463073314193,-189.84545773586206,-206.30844158028577,Storm
439,41.5978735921498,-92.80785054827793,7951.90375434875,1807.350100768021,86.388891538959,95.3543651460908,Storm
440,41.5952653696319,-92.81144735343376,7982.117754436396,1812.8400052587817,-189.1616029986066,-166.81670284023033,Storm
441,41.59622856727571,-92.80790131826618,8012.310778075822,1811.5814183655339,-107.57008136477144,103.13564615923707,Storm
442,41.595530392667854,-92.80767802760194,8042.618377334304,1818.455955508898,-192.11578489825433,-237.5348508092557,Storm
443,41.598798497285806,-92.79952217848607,8072.996068285365,1822.661457063692,119.96643414927576,-192.87320276739985,Storm
444,41.598357099803195,-92.79878533357133,8103.431558393008,1826.1294064585963,61.09844314074991,-157.09033137196408,Storm
445,41.5962911633703,-92.80129756655717,8133.923861753874,1829.5382016519309,-160.22344289626193,-154.09668540032754,Storm
446,41.598929747954166,-92.79440075750948,8164.348363330605,1825.4700946038386,88.90677274226368,213.41788086377142,Storm
447,41.599508842112485,-92.79162292931287,8194.828952514783,1828.8353510506352,132.0879458267966,-61.689882228927104,Storm
448,41.59900758562797,-92.79100580240194,8225.383480101193,1833.2716551845945,67.23405462825849,-177.0094227505074,Storm
449,41.59765511843021,-92.7920910969175,8255.862290310788,1828.7286125757178,-82.74090789559469,237.8014911126719,Storm
450,41.59668181763069,-92.79241805863658,8286.463507787645,1836.0730486113798,-194.79923059570558,-248.69488148731915,Storm
451,41.59760863738471,-92.7889447792486,8317.158904009497,1841.72377331108,-116.84549794158907,-284.08067767570816,Storm
452,41.59765011653195,-92.78724218107413,8347.82946240504,1840.233503732593,-127.42582596408107,49.82493658181528,Storm
453,41.59875735542144,-92.7834080634152,8378.439697555295,1836.6141090153262,-31.430179763000808,235.60302664618496,Storm
454,41.600488713893505,-92.77832570659112,8409.119203060312,1840.770330301047,126.97742469537638,-94.90958898127442,Storm
455,41.59840391580775,-92.78087566288266,8439.83501265692,1842.9485757964903,-96.230626627483,-72.18455509963985,Storm
456,41.59987468427156,-92.77631448607508,8470.610239841059,1846.5136310482676,36.11797700592311,-139.16181550627425,Storm
457,41.600157382560376,-92.7741294496175,8501.409556134704,1847.9589776187815,49.65956313965361,-54.35300868525573,Storm
458,41.600016258079854,-92.77279205869857,8532.233500967583,1849.4366899726954,20.818872340792097,-38.32408251880997,Storm
459,41.599133214822096,-92.77293850533412,8562.980856305912,1844.841320299779,-82.21369618323293,269.071984177294,Storm
460,41.60115705738804,-92.76727118032228,8593.842086588189,1851.673816936616,105.4423176639043,-215.93209454012847,Storm
461,41.60172378854247,-92.76451807813346,8624.708417726451,1851.9798682957696,147.38719035916512,-7.541281050291786,Storm
462,41.60197540797393,-92.76239519939058,8655.532988570258,1849.4742506283628,157.82089075763656,179.91315356838913,Storm
463,41.60024533551171,-92.76423570443508,8686.489267363828,1857.3767276142487,-29.91459821230663,-286.51841500792955,Storm
464,41.59976647335884,-92.76357378886084,8717.43389563417,1856.6776962205956,-92.52905624602157,24.98052879652016,Storm
465,41.60137295922809,-92.75874117724238,8748.447440571445,1860.8126962363742,53.3912879304589,-145.26738874007862,Storm
466,41.59954375307255,-92.76077994967349,8779.399725968125,1857.1371238009092,-144.25757037087035,200.9581420795795,Storm
467,41.60307121992655,-92.75210537608555,8810.382702811985,1858.9786106315569,193.76087228142086,15.414109381611524,Storm
468,41.599967610774605,-92.75669295450948,8841.434328953339,1863.0975684812925,-131.3282856606786,-136.61560408837863,Storm
469,41.59950173876487,-92.75600505864897,8872.412664198264,1858.7001146954462,-192.64372938101332,248.57928393629936,Storm
470,41.60004646281772,-92.75329597066332,8903.418922310913,1860.3754867590105,-152.89956684394355,45.909885308552134,Storm
471,41.600818961796385,-92.75013133282603,8934.443926036578,1861.5002235399093,-90.3779117251176,32.50680150947602,Storm
472,41.60247570489452,-92.74519820674979,8965.432265213394,1859.3003506090024,60.568155340745705,197.845082224321,Storm
473,41.60084299085563,-92.74684399494762,8996.563754009887,1867.8893277896007,-117.43149129575872,-293.4025028049117,Storm
474,41.600712130716346,-92.74548607534624,9027.61844515156,1863.2814685003582,-145.2457479724771,240.01118510886306,Storm
475,41.60380743093379,-92.73767583503137,9058.700658710504,1864.9328135366186,149.55603102500612,58.447861302185004,Storm
476,41.60286122049275,-92.7379486160335,9089.784643902534,1865.0391115218501,40.206744173461345,99.02200472775331,Storm
477,41.60130792059299,-92.73943557595307,9120.825170075168,1862.4315703580382,-129.85148855062016,248.6471675549759,Storm
478,41.60242880000554,-92.735574177248,9151.94403943834,1867.1321617902834,-32.49179004317077,-70.11688305030154,Storm
479,41.60297667115458,-92.73285879506997,9183.18303489472,1874.3397273828705,7.567082113135029,-271.820419934967,Storm
480,41.601713416235945,-92.73376566502728,9214.382917887642,1871.9929795752435,-133.48665249756823,142.82016985582226,Storm
481,41.60152675986009,-92.732519337899,9245.603489430627,1873.2342925790988,-166.8805328299494,61.89126567983294,Storm
482,41.60232424405459,-92.72930472963006,9276.882513983866,1876.741473194369,-101.86035612747162,-66.42263157481406,Storm
483,41.60264490499043,-92.72704376787843,9308.215511026527,1879.9798225596528,-84.52250529172005,-86.59637012103053,Storm
484,41.604513596091564,-92.72168674579619,9339.610539350047,1883.701699411212,87.61836207369822,-121.72697062609498,Storm
485,41.60405031345949,-92.7209936711804,9371.026502902008,1884.957813117638,26.561856118758868,-14.369758680540201,Storm
486,41.60458666198722,-92.71830133424496,9402.37871952858,1881.132997594301,65.46846614505927,262.0978435948548,Storm
487,41.60500954814209,-92.71583592205525,9433.83711205849,1887.5035517946392,93.02883888410014,-171.03577284554595,Storm
488,41.602351274720974,-92.71953282901754,9465.356820499204,1891.18250644281,-187.52674597548614,-142.64157342010495,Storm
489,41.604754136331,-92.71310746591752,9496.978961197707,1897.3284419101437,38.03117228010194,-269.14451190944976,Storm
490,41.60450657202448,-92.7119829546506,9528.579753607755,1896.0475446029568,-1.4535011195054608,58.10570935013351,Storm
491,41.604005365026424,-92.71136572876676,9560.149853318493,1894.205982644251,-66.30244367321566,162.54732224749313,Storm
492,41.603242064903164,-92.71127268913331,9591.839787127754,1901.396028555599,-157.36069874649127,-254.91733095851475,Storm
493,41.60587570934292,-92.70438576037384,9623.529978356295,1901.4114737124505,91.27550248144132,-2.7052102762809227,Storm
494,41.60586384633129,-92.70278984651715,9655.251272983021,1903.2776776036008,75.36095857109444,-39.103596837752264,Storm
495,41.60424312730601,-92.70441164468774,9686.92381046607,1900.3522489829693,-101.43918670435727,191.4613906045198,Storm
496,41.60660246511641,-92.69807332918698,9718.593671156315,1900.1916414146629,119.76635158759171,116.81788251265607,Storm
497,41.604640664576934,-92.70037729038599,9750.278911376743,1901.1144132256272,-91.14194510801492,54.138400121452264,Storm
498,41.60514326204324,-92.6977524555734,9782.075771799164,1907.8116253452336,-55.610441223989284,-245.05075600401952,Storm
499,41.60751590318481,-92.69138753341029,9813.948213318403,1912.3464911543172,166.9254301848971,-217.90882144862314,Storm
500,41.60779488072572,-92.68920993844853,9845.832027494502,1913.0288505659548,180.094941528321,-32.396536225226555,Storm
501,41.60488174545327,-92.69341656911347,9877.721360227457,1913.3599639772874,-125.94682846455214,25.140568427014898,Storm
502,41.607780279508894,-92.68599986112226,9909.583407232294,1911.7228202902154,149.17833435056332,139.33493184573672,Storm
503,41.607662023184304,-92.68461673389147,9941.444528272315,1911.6672624012276,122.62445914457987,95.27002002643042,Storm
504,41.60735216727841,-92.6836168058233,9973.265651440102,1909.2673900672676,76.910625807141,209.51739093919156,Storm
505,41.60572901548325,-92.68524346953366,10005.131434598465,1911.946989501768,-100.13279645632562,-6.345021814115739,Storm
506,41.60576246364257,-92.68355693333507,10036.926135362632,1907.6820458499792,-111.51622327215911,292.6008047979882,Storm
507,41.608801145661516,-92.67585992941721,10068.866914807562,1916.446766695892,177.62373587464532,-276.34391317889646,Storm
508,41.60799449142031,-92.67585359801967,10100.72883578033,1911.7152583660386,82.23006900627536,255.14899044939955,Storm
509,41.60604177453823,-92.67813939190387,10132.626979551664,1913.8886262799897,-127.76986194906658,40.767138331577655,Storm
510,41.60912870877554,-92.67034588354927,10164.65281780844,1921.550295406642,166.19531903521676,-279.6324128485207,Storm
511,41.60840371908166,-92.67017622305708,10196.723916049861,1924.2658944851726,78.96810689873598,-121.59059557646955,Storm
512,41.60945890522165,-92.66644621089715,10228.714262810918,1919.420805663416,169.75847815061218,282.63494709922065,Storm
513,41.60968566882408,-92.66437304381233,10260.75848037992,1922.6530541401646,177.70659564537357,-15.471470005521724,Storm
514,41.60950405589906,-92.66311662978241,10292.760139949016,1920.0995741457093,144.81706039572538,206.72963912104223,Storm
515,41.60747956961554,-92.66554596246948,10324.742425782033,1918.9371499810459,-72.35981070269774,197.34928449040643,Storm
516,41.60649848068891,-92.66588850044278,10356.754634592415,1920.7325286228945,-185.19694611380294,57.76192708923185,Storm
517,41.60741776792668,-92.66243028608729,10388.882039103175,1927.6442706455946,-107.99646508491878,-227.65986853363273,Storm
518,41.60695282781152,-92.66174052643765,10420.983046543342,1926.0604464100254,-169.21871934831634,117.77326552688385,Storm
519,41.608151797287555,-92.65772294760562,10453.078913816562,1925.7520363931983,-64.05001449277356,134.86006291725687,Storm
520,41.607201005223146,-92.65800489185446,10485.254898357865,1930.559072478175,-173.85746368042305,-110.8257973016338,Storm
521,41.609244827456926,-92.65229760750695,10517.39490992973,1928.400694311867,15.796516950134901,174.43389890337812,Storm
522,41.60850915472663,-92.65214931308758,10549.555612139287,1929.6421325734573,-72.49899882717203,75.53482586220548,Storm
523,41.610925338135324,-92.64569730639023,10581.732554905377,1930.6165659653307,154.39109929447483,69.51791290938274,Storm
524,41.60846054746887,-92.64900724784319,10614.044119106864,1938.6938520892907,-106.81621009854649,-285.3595310660772,Storm
525,41.61115638749294,-92.64199592791509,10646.458247785284,1944.8477207051626,148.03954956037194,-287.23835348976775,Storm
526,41.61132208111554,-92.64004490078992,10678.866796748107,1944.512937769408,149.88066907367977,17.362280416327167,Storm
527,41.611726827646336,-92.63761576784837,10711.238278323788,1942.2888945408602,175.6270794051585,179.26994146419923,Storm
528,41.612109575721895,-92.6352306318173,10743.677806477875,1946.371689245211,199.17364421333497,-89.57291072897391,Storm
529,41.61133387486296,-92.63516239365521,10776.153486100742,1948.5407773719937,106.87531557245075,-58.841451834454716,Storm
530,41.610331906615926,-92.63554669026932,10808.62106670793,1948.0548364312838,-8.049751878436467,76.50327793102207,Storm
531,41.61205439501894,-92.63048207358334,10841.020616490292,1943.9729869416913,149.4708456745355,290.4500815195771,Storm
532,41.61178006264512,-92.629411098451,10873.486839397276,1947.9733744190078,107.30936554580728,-49.33993069959973,Storm
533,41.610539679426246,-92.6302722250088,10905.9294940736,1946.5592805794156,-31.457199089171922,142.5493809533349,Storm
534,41.60995664242769,-92.62981865912595,10938.49040080319,1953.654403775416,-104.48914169267907,-233.71553212116322,Storm
535,41.61056730490265,-92.62697769429606,10971.101341696982,1956.656453627502,-58.15113694368938,-127.65660500755095,Storm
536,41.61048133118139,-92.62553000185864,11003.777781648954,1960.5863971183903,-81.47675181760397,-159.83534937005405,Storm
537,41.60961175388558,-92.62564951657028,11036.55713453454,1966.7611731351135,-183.16272414545526,-289.2756391599517,Storm
538,41.61354155311346,-92.61617027823456,11069.342180475334,1967.102756447628,195.0889558944126,-43.336119758482596,Storm
539,41.61127525257063,-92.61908323944027,11102.100112477005,1965.4759201002096,-46.26934113612734,107.78836961584193,Storm
540,41.61075824396093,-92.6184976167797,11134.79074856982,1961.438165568948,-112.69844485397434,269.97671037013515,Storm
541,41.61317789089461,-92.61203868303238,11167.604052372673,1968.7982281712327,114.5380057662208,-246.3533986126443,Storm
542,41.61185011636756,-92.61307459220653,11200.339458978622,1964.1243963569411,-32.96768968602865,227.47098453729882,Storm
543,41.61410600378106,-92.60694317749956,11233.118777936646,1966.759137481455,177.8928089165641,-19.55909325007815,Storm
544,41.61292800367622,-92.60767953782928,11265.983727390918,1971.896967256237,45.36455568428309,-199.77963234475487,Storm
545,41.6145863150514,-92.60274327519897,11298.90411532322,1975.2232759381304,196.4674504547906,-160.99697916993395,Storm
546,41.61453985007087,-92.60121656528007,11331.796085080357,1973.5181854282578,177.09270965405028,89.78798939542105,Storm
547,41.61334715258132,-92.60198232037921,11364.707621814823,1974.6922040679553,43.09471795154366,7.613106609905174,Storm
548,41.611986167076154,-92.60308465150959,11397.700506594823,1979.5730868000285,-107.73207531289653,-194.08318079669505,Storm
549,41.61209271509303,-92.60125191559587,11430.754369956087,1983.2318016758045,-111.80551637192985,-188.13704271344727,Storm
550,41.614476390578496,-92.59486492474497,11463.833544563482,1984.7504764436987,111.83378942670134,-89.92484449996195,Storm
551,41.611736705817954,-92.5987246543861,11496.82030509273,1979.2056317548459,-176.86292937464145,281.46157808448675,Storm
552,41.615187761079035,-92.59020290398398,11529.756653896144,1976.180928204853,153.5143539853703,256.6513699171278,Storm
553,41.615779531257246,-92.5873997237476,11562.797332009513,1982.4406868021697,197.9631290585741,-195.66285046830762,Storm
554,41.61353215046974,-92.59027484544265,11595.788522728972,1979.4714431675125,-41.50319243893651,154.94308542245477,Storm
555,41.61487854729382,-92.58596241191452,11628.880003307635,1985.4888347198482,78.40824722151689,-207.66245619608696,Storm
556,41.61550507974904,-92.58308970712412,11662.027007210452,1988.8202341690883,126.3332499962471,-165.3356568980036,Storm
557,41.61328430013585,-92.58591162647055,11695.166935055675,1988.395670713381,-110.47295407095076,22.18465373604812,Storm
558,41.6149080718434,-92.58104444317549,11728.305765452978,1988.3298238382627,37.17597393668126,48.05172470268673,Storm
559,41.613049541881104,-92.58314186322012,11761.387369160731,1984.8962224651666,-163.40526504089806,226.47651757822825,Storm
560,41.613893277129336,-92.5798347528437,11794.579360913052,1991.5195051392475,-93.75998296451758,-222.2910472303175,Storm
561,41.61653315170594,-92.57293536381053,11827.679276326699,1985.9949248188113,155.49923194759089,273.39089893785206,Storm
562,41.616573952283,-92.57123412277645,11860.758303921228,1984.7416556716996,144.85104690618027,185.70964483492685,Storm
563,41.61589369216397,-92.57097500313455,11893.865551734916,1986.4348688213204,62.096792255608705,30.514422365483597,Storm
564,41.61376795370854,-92.57360684016545,11927.018436523182,1989.1730872958815,-165.20529603543594,-54.92807215758077,Storm
565,41.61505804316442,-92.56940702137373,11960.238877606245,1993.2264649838216,-50.92459319507441,-144.14772974380426,Storm
566,41.61660825197859,-92.56468696386543,11993.469805195416,1993.8556553502744,89.36804547543397,-2.4745589527375387,Storm
567,41.61418603881495,-92.56791175031275,12026.776471845465,1998.3999990028938,-167.58151363694083,-167.8900788301132,Storm
568,41.61674217143343,-92.56117984519582,12060.172084742013,2003.7367737928862,73.30350546383835,-254.3214843058199,Storm
569,41.617561246462465,-92.5579220552578,12093.561421901986,2003.3602295983837,140.48276561950746,-2.91208379161543,Storm
570,41.61622604754305,-92.55897281321667,12126.943760724993,2002.9403293803607,-7.765369069340807,55.44467079571058,Storm
571,41.617749707524915,-92.55430585337297,12160.373940123553,2005.8107639136188,129.87238637005964,-91.31447525868418,Storm
572,41.61731033069893,-92.55356496714498,12193.796216823826,2005.3366020164185,71.20646102362542,39.43917839747462,Storm
573,41.615813661596846,-92.5549386654692,12227.158818637545,2001.7561088231173,-93.18869193223148,227.17799181309476,Storm
574,41.61808253503008,-92.54878127872277,12260.524548761745,2001.9438074520526,118.97040864277125,95.07110079505532,Storm
575,41.6184424402875,-92.54644182832796,12293.844053966044,1999.1703122579775,140.23269163769675,220.3765205758814,Storm
576,41.61802084770546,-92.5456653736121,12327.13693036385,1997.5725838683381,83.3451906860139,202.20799701820323,Storm
577,41.61812456407275,-92.54383830099754,12360.436965581348,1998.002113049963,78.98858466771344,108.08446305618025,Storm
578,41.61795640616641,-92.54255497693026,12393.724286720866,1997.2392683711053,47.44455128607373,151.62998373458475,Storm
579,41.616263663502195,-92.54432082237874,12426.97867771843,1995.2634598538762,-136.55795788277052,228.5224555193571,Storm
580,41.61926389961948,-92.5367007102642,12460.37972857353,2004.063051305966,148.73741109809282,-282.4516301792645,Storm
581,41.61922707493824,-92.53515471974673,12493.86317068778,2009.0065268549379,130.32670022590509,-222.6780795159329,Storm
582,41.61741156578049,-92.53716609818227,12527.304905945784,2006.504115480185,-65.95245829634325,146.10495377496466,Storm
583,41.61686141237512,-92.53664676511303,12560.719420032787,2004.8708452201656,-135.6960415806767,190.78021447143732,Storm
584,41.619694191930236,-92.52936156612284,12594.17543049928,2007.3606279895466,132.85367118309676,4.480640256501715,Storm
585,41.61653848113275,-92.53405334783787,12627.702729584558,2011.6379451167888,-197.44565131326658,-127.77712009505234,Storm
586,41.61912792774686,-92.52725481472969,12661.149392410834,2006.799769576598,46.77076735029689,288.7117068164541,Storm
587,41.6193347566089,-92.52522151712564,12694.695368956049,2012.7585927128653,52.725410806667355,-144.11785136150414,Storm
588,41.6194908077407,-92.52328977498208,12728.249240614787,2013.2322995243221,53.60228123984453,23.991227829513264,Storm
589,41.62022144893639,-92.52020885271074,12761.909606143012,2019.6219316935217,111.93815806045745,-235.81161670382494,Storm
590,41.62029346139327,-92.51844518791702,12795.565155826864,2019.3329810311548,104.4111610008112,24.75994720566615,Storm
591,41.621248600226174,-92.51491527037126,12829.274921132192,2022.5859183197222,185.19680154359787,-94.87670037678834,Storm
592,41.62007440221075,-92.51564402652215,12862.909935330126,2018.1008518760696,53.048757253579254,259.2168633060105,Storm
593,41.618101235977655,-92.51797071910838,12896.50015068715,2015.4129214214079,-158.9961088037283,262.33709234187063,Storm
594,41.620590022382366,-92.51137350641899,12930.224653377629,2023.4701614287114,75.15428892032531,-259.29776453689686,Storm
595,41.61918961618843,-92.5125546789269,12963.911225969017,2021.194355483275,-79.6145732212735,124.90325318716896,Storm
596,41.61840244675399,-92.51250937791582,12997.615106409137,2022.2328264071543,-173.05975941249133,49.30227610576395,Storm
597,41.6196638590034,-92.50836691353705,13031.323502508496,2022.5037659614886,-61.646777218817306,72.54931066048624,Storm
598,41.618610577338316,-92.50885383698726,13064.98885972268,2019.9214328510718,-181.70318647499485,222.92208369142577,Storm
599,41.62246884750726,-92.49951765676941,13098.606573615252,2017.0628335543483,189.39558767095878,281.3267131714149,Storm
600,41.62172078138499,-92.49939414913399,13132.353516439825,2024.816569474371,99.86073269716991,-221.9482559216208,Storm
601,41.62190250926921,-92.49741105348558,13166.208260652322,2031.2846527497825,103.305278371609,-285.2478501247191,Storm
602,41.619105233119086,-92.50138596590587,13200.099492760044,2033.4739264633306,-191.1505793884011,-105.83386851027527,Storm
603,41.621118594102064,-92.49573960405996,13233.948225499698,2030.9239643792712,-4.542723838133696,162.24445068467594,Storm
604,41.62204448527435,-92.49226818183543,13267.841978525894,2033.625181571749,73.31815064260206,-32.458376173951024,Storm
605,41.62055309286052,-92.49363132678312,13301.655254703372,2028.7965706486793,-90.54933348733366,298.2747000946267,Storm
606,41.621310593831815,-92.49049668496058,13335.527047408792,2032.3075623252437,-29.52747910561081,-29.16778540219474,Storm
607,41.62040764633512,-92.49068294007401,13369.363495307216,2030.1868739054762,-134.55047152333233,176.88572924995765,Storm
608,41.62267516238095,-92.48452826810238,13403.29732054529,2036.029514284508,77.47289031259544,-167.53823232674375,Storm
609,41.62037724008777,-92.4875044728088,13437.207140259034,2034.5891828245335,-167.04758175366294,108.29958124482783,Storm
610,41.62281304318991,-92.48101322672456,13471.196041385125,2039.334067565461,61.804485712454095,-136.0442838010744,Storm
611,41.62414573500925,-92.4767282032059,13505.267149537925,2044.2664891680938,180.34542490016412,-209.36526493145988,Storm
612,41.6222189023919,-92.47896222856065,13539.251767745276,2039.0770924410247,-27.066079582959247,266.1695521005594,Storm
613,41.62231575488291,-92.47714888369866,13573.250849089958,2039.9448806809776,-32.109073229551086,83.11556859845132,Storm
614,41.62237450563453,-92.47541174231546,13607.32519805562,2044.4609379396688,-40.96224081488228,-135.47087859079798,Storm
615,41.624867321062,-92.46880647158058,13641.428475901446,2046.196670749599,193.5910591839313,-54.39959621097418,Storm
616,41.624655089712356,-92.4676112943999,13675.600923183621,2050.34683693051,157.63968147165377,-162.0272364653483,Storm
617,41.622078394141205,-92.47114504566223,13709.870848382288,2056.1955119199715,-114.75811838996668,-281.3195502692932,Storm
618,41.62397992505409,-92.46572234395651,13744.15624721616,2057.123930032367,60.666730150354,-78.8841937657433,Storm
619,41.62497797317942,-92.46210660782589,13778.449667338036,2057.6052073125106,145.7432999358548,-16.074055985065684,Storm
620,41.6255405963192,-92.45936172166637,13812.813416189176,2061.8249310683473,187.27737116588867,-188.68469057812732,Storm
621,41.62528959770684,-92.45824407901114,13847.113347843608,2057.995899265968,147.44926718224434,165.95811167504502,Storm
622,41.62504607484106,-92.45711148486272,13881.365801231897,2055.1472032974284,108.36873785762077,206.86993687013262,Storm
623,41.62515376585373,-92.45527646295741,13915.622254199665,2055.387178066052,104.40959637719953,75.73219297884924,Storm
624,41.622781931828165,-92.4584004911286,13949.993618142327,2062.2818365597227,-147.50204892704497,-280.48429230524886,Storm
625,41.626087626136176,-92.45016946263262,13984.331324601788,2060.2623875676495,168.33913912627474,69.99018871244283,Storm
626,41.6257376663363,-92.44924974235241,14018.689672627186,2061.500881523915,118.61491639047051,-11.086589092469978,Storm
627,41.62316803235572,-92.45276937043361,14053.134079854715,2066.664433651731,-153.0767244150422,-224.88852467846974,Storm
628,41.625588343176254,-92.44630910891257,14087.583563523121,2066.9690201043886,74.22611489158857,-41.816463060322405,Storm
629,41.62379546336162,-92.44827522866188,14122.038848093838,2067.3170742429666,-119.79010931986531,-5.043271955137868,Storm
630,41.623397482630594,-92.44745155024398,14156.485027577477,2066.770769018285,-174.31642516994637,49.182841148639284,Storm
631,41.62436390292751,-92.44389906977018,14190.884513244979,2063.969140050152,-92.40263822596093,178.53546038231292,Storm
632,41.62467665957294,-92.44165391659936,14225.31933218701,2066.0891365218754,-75.8552164305705,-26.867910550919305,Storm
633,41.623628976324355,-92.44212964321659,14259.850704232236,2071.8823227136268,-195.35178403675974,-256.5318673232647,Storm
634,41.625299750817824,-92.43716845434967,14294.375251380186,2071.472828876964,-43.00257743732607,-12.036699169725921,Storm
635,41.62627714121215,-92.43359403368106,14328.948638831176,2074.4032470593856,40.008219247721485,-125.00245277441806,Storm
636,41.626804268991656,-92.4309201382421,14363.44688389139,2069.8947036128307,77.99275445061704,216.07343831352273,Storm
637,41.627291027830196,-92.42832698068506,14398.064012907045,2077.027740939264,111.94039555733991,-276.2287047909857,Storm
638,41.626240934091136,-92.42880752828322,14432.745763958586,2080.905063092476,-7.797221096868412,-237.0418929490951,Storm
639,41.62543436879302,-92.42880101899948,14467.314350849585,2074.115213459866,-103.18199365498901,291.99755596028785,Storm
640,41.62518345332865,-92.42768321004826,14501.91281052225,2075.9075803599,-143.0017828393947,-0.6671079291863862,Storm
641,41.6272333765218,-92.421963723782,14536.479668935975,2074.011504823593,47.26229372724765,121.47898232646236,Storm
642,41.627146630745955,-92.42051757545374,14571.165290736997,2081.1373080613507,23.859473394765644,-294.1374915484898,Storm
643,41.626361163672456,-92.42046886972078,14605.831991883879,2080.0020688128584,-69.41547670240325,10.626986030826856,Storm
644,41.625554066863536,-92.42046342345866,14640.536147781331,2082.2493538471576,-164.85340034206666,-89.62384127449155,Storm
645,41.625482695729595,-92.41898652584658,14675.323601779448,2087.2472398870023,-186.71875648345338,-252.85290170698755,Storm
646,41.62708485882671,-92.41416255977238,14710.1670688042,2090.6080214851227,-41.23068951936156,-220.3705475741638,Storm
647,41.62791461154243,-92.41088341446098,14744.953958505675,2087.2133820885138,27.016339304623273,113.67898148235946,Storm
648,41.6289940773733,-92.4071048429193,14779.81002762159,2091.364146954861,120.23467964363317,-179.90985345311395,Storm
649,41.62660894333337,-92.41025547111919,14814.73035649722,2095.2197325377933,-133.00696709637208,-237.25929579935985,Storm
650,41.62863201642999,-92.40458968504599,14849.586653477088,2091.3778187920493,54.57209981745467,123.88543589214072,Storm
651,41.62635992243859,-92.40751423314883,14884.363249750984,2086.595776433777,-187.36554206974319,261.7273477462139,Storm
652,41.626588745421365,-92.40543694730331,14919.15579594311,2087.5527715275575,-179.21148653941103,24.777801180642257,Storm
653,41.62936438479204,-92.398266028682,14953.882376160605,2083.5948130497086,83.62420778036659,222.58147424765139,Storm
654,41.629531772870244,-92.39631161264565,14988.576417147824,2081.642459233112,85.63477285297114,181.0368498418751,Storm
655,41.62818050833936,-92.39739450182745,15023.236253790816,2079.590198579447,-64.21992298287756,188.89506824790732,Storm
656,41.6272904493822,-92.3975549798618,15057.850278037437,2076.841454797243,-167.95406144612994,236.8899936363166,Storm
657,41.629307641928754,-92.39190095488874,15092.442001336372,2075.5033979362065,19.036950461494484,190.37866197749622,Storm
658,41.62907382798969,-92.3907489428869,15127.045998420503,2076.2398250478395,-19.072686192679953,86.14661711791496,Storm
659,41.62951744792284,-92.38824206314065,15161.637878038271,2075.5127770661334,10.561064374445294,138.95371305319912,Storm
660,41.62788563963469,-92.389886039837,15196.357524224573,2083.1787711780853,-167.34800718776415,-263.78874960566174,Storm
661,41.62869481507009,-92.38664804908623,15231.149130917473,2087.4964015739415,-101.15870639594142,-204.273191932087,Storm
662,41.63134081882789,-92.37973640169066,15266.000062930056,2091.0559207549945,148.71342663688068,-168.47160758517342,Storm
663,41.63190442801227,-92.37698954344195,15300.885497481635,2093.1260730947365,190.34610232765255,-97.8625249373359,Storm
664,41.62887672107922,-92.38142531742808,15335.717886385846,2089.943334252675,-127.15283372452029,173.81910428548747,Storm
665,41.63093036294595,-92.37569839381466,15370.578971230938,2091.665090705486,63.48311020035044,-1.082570128116629,Storm
666,41.63066426847518,-92.37461094287626,15405.411667185663,2089.9617572835255,22.14542037505248,131.5210669633583,Storm
667,41.62950391566423,-92.3753120086182,15440.17274272021,2085.664532072782,-108.61810346748051,297.8003496340451,Storm
668,41.63263655177496,-92.36742709651676,15474.949319924566,2086.5946322614486,189.91726485871322,90.19541180816213,Storm
669,41.62968283135756,-92.3717148974716,15509.721433407749,2086.3268089909793,-120.18301962834195,108.13694545877479,Storm
670,41.62932073761724,-92.37081944507229,15544.621649622097,2094.0129728608317,-171.12063640832966,-281.6084986765164,Storm
671,41.63020995796285,-92.36742136450111,15579.528398334463,2094.404922742021,-96.92684459551452,-22.426225956410235,Storm
672,41.632799598857915,-92.36062244283102,15614.406588009131,2092.691380480104,147.3090021633522,136.3014418597848,Storm
673,41.632444617348554,-92.35971276596977,15649.330491784427,2095.434226517802,97.08260847999242,-44.70399933115479,Storm
674,41.63100481366141,-92.3609727334641,15684.296330698939,2097.950334870697,-61.62600298121484,-77.37674220923839,Storm
675,41.63371895437365,-92.35392481215966,15719.365801023967,2104.168219501747,195.05982549442314,-275.9344851525105,Storm
676,41.63338376453067,-92.35297555196567,15754.410673423234,2102.6923439560005,146.81259844897943,47.20524514343606,Storm
677,41.63181738265042,-92.35448867584621,15789.426168640042,2100.9297130085215,-24.553832324163807,135.15459624908192,Storm
678,41.632156879166835,-92.35219004293342,15824.391901886987,2097.9439948167483,-5.332423430118865,224.05394284899637,Storm
679,41.63396029328465,-92.34696357481782,15859.40917069931,2101.0361287393657,160.2807456045034,-46.96744387592676,Storm
680,41.63161207944503,-92.35004036261711,15894.422687255303,2100.810993359599,-89.26888110597937,55.41019715601732,Storm
681,41.63430150406603,-92.34304187349514,15929.516948222232,2105.655658015745,164.94533824667639,-173.60268659660005,Storm
682,41.63329119944529,-92.34344284285667,15964.587053433239,2104.206312660454,49.1866334253931,78.9361320555123,Storm
683,41.63387906762818,-92.34064746661093,15999.752789729733,2109.9441777896477,93.24520896611239,-221.05938892364412,Storm
684,41.63395719782472,-92.33887156633789,16034.832000421655,2104.752641515265,86.32998587283544,245.41951239938464,Storm
685,41.63195991282894,-92.34124649644949,16069.998025672498,2109.9615150505965,-128.12675645190322,-157.4740050456734,Storm
686,41.63527404319711,-92.33299859583319,16105.229361000162,2113.8801196598665,188.55803761665584,-191.41382837430615,Storm
687,41.6349532856219,-92.33202047110365,16140.457229756477,2113.6721253788905,141.75403734783163,-4.633286131179148,Storm
688,41.63267195197351,-92.33496349852048,16175.619643397475,2109.744818459878,-101.10757023872918,222.4499407635068,Storm
689,41.63361153112338,-92.33146470034077,16210.80916181405,2111.3711049945064,-21.877897998933804,8.890412357814114,Storm
690,41.63341452600844,-92.33023907069068,16245.994737314568,2111.1345300311336,-56.30665224009371,55.77051086095645,Storm
691,41.632778970448655,-92.3298905419303,16281.22117234827,2113.5861020221196,-134.5904509659909,-65.35107800894357,Storm
692,41.636149806675135,-92.32152922959737,16316.504686931092,2117.0108749693045,187.764928934115,-145.11994037932348,Storm
693,41.63504638647144,-92.32211643012481,16351.822943076486,2119.095368723651,62.694665816516874,-104.88596146518307,Storm
694,41.63566061474349,-92.31926833370075,16387.215656858036,2123.562826893028,109.38925027464023,-221.4758035689901,Storm
695,41.63659328884854,-92.3157833456107,16422.605443182096,2123.387179443629,187.9284180314179,-27.72627516981646,Storm
696,41.63380548894908,-92.31973930552964,16458.082444728483,2128.6200927832897,-105.57981466141442,-255.9019516019924,Storm
697,41.63368760114352,-92.3183554412608,16493.536121149682,2127.220585271927,-132.0968379649837,11.86436913361058,Storm
698,41.634503864656374,-92.31510327435514,16528.92528527196,2123.3498473364807,-65.19872942748549,197.33001952956567,Storm
699,41.63502668447278,-92.31243799484237,16564.384433835334,2127.548913802455,-27.64499053527763,-150.77143644742205,Storm
700,41.63591899675202,-92.30903373040394,16599.79405866372,2124.5774897031138,46.85799464161201,124.06633013126748,Storm
701,41.63426586686469,-92.31072035029864,16635.28520687914,2129.468892925108,-133.18323683962006,-199.4284702270094,Storm
702,41.63389166736828,-92.30984910941147,16670.716934360138,2125.903648859809,-185.3314292265828,141.8412090393843,Storm
703,41.636547482198516,-92.30291783987106,16706.170026176373,2127.1855089740534,65.52181104872204,-15.22147455011168,Storm
704,41.63741622831138,-92.29956070776537,16741.567009268278,2123.8189855142186,137.66817958767888,183.40209177003192,Storm
705,41.636528246400566,-92.29971703170703,16776.914028594834,2120.821159593342,34.141745758700864,220.96276830795523,Storm
706,41.63515747621061,-92.300838932207,16812.369803464062,2127.3464921537325,-117.6635159852927,-232.84822836136328,Storm
707,41.635560392243995,-92.29841346026025,16847.90725416547,2132.2470420844593,-92.10015539320415,-265.74788634641106,Storm
708,41.63675335433741,-92.29440789619346,16883.342637826503,2126.123019661991,12.467811200412797,261.96341537697685,Storm
709,41.63493333281556,-92.29642829935722,16918.883127458696,2132.42937793144,-184.26258373259614,-226.7340515939839,Storm
710,41.6367320371935,-92.29121125072137,16954.32626763192,2126.5884103934573,-19.120388686625887,260.32501051674296,Storm
711,41.636335147927745,-92.29038538937291,16989.798570305094,2128.3381603903167,-73.5375580092998,4.340885213035449,Storm
712,41.635384097371514,-92.29066785060543,17025.353324336902,2133.2852419083797,-183.37085637984316,-210.99407942274667,Storm
713,41.63931160885462,-92.28119318775924,17060.807106461118,2127.226927453046,194.65204918353874,279.07121786162736,Storm
714,41.635532130714,-92.28713250416052,17096.204249592305,2123.828587871295,-198.02400762623614,271.08707125394335,Storm
715,41.638216132969,-92.28014485977057,17131.566466179782,2121.7329952485875,55.64797512620015,220.7509767120133,Storm
716,41.63762589506775,-92.27970569569311,17166.964601834978,2123.8881393118154,-18.104057746456363,9.357617147550172,Storm
717,41.63790960439372,-92.27751863716121,17202.35236496897,2123.265788039593,-4.4613678972319235,100.11855452766258,Storm
718,41.6366601055192,-92.2783979950303,17237.864948571187,2130.7550161329136,-144.13949809747484,-282.01584607639325,Storm
719,41.637480502694004,-92.27513756080072,17273.332841969597,2128.0736039046983,-76.82802336352364,122.80845764198801,Storm
720,41.63720347916361,-92.27407196798154,17308.793773578116,2127.6558965112176,-119.25861915082065,104.05945999495037,Storm
721,41.64042299596702,-92.26601329449477,17344.36387133633,2134.2058654926986,187.96481844290815,-243.65957052634897,Storm
722,41.63938103868297,-92.26647756918291,17379.94212851608,2134.6954307848864,69.04084729005052,-33.74986841725729,Storm
723,41.64031048165506,-92.26299904335877,17415.596088720915,2139.2376122900814,147.25690175100215,-193.71012633156846,Storm
724,41.63975569887392,-92.26248896904109,17451.177696192375,2134.8964482876395,77.05038089046582,202.86917378886614,Storm
725,41.64091093437039,-92.25855885816819,17486.75103798664,2134.4005076557887,177.84568778960931,109.94881697378747,Storm
726,41.639268458976005,-92.26022416907699,17522.32454552198,2134.4104521205095,-1.1300943966290902,70.70834412072833,Storm
727,41.64090266228536,-92.25533612257833,17557.90592109695,2134.8825344980814,147.56199379148728,42.36584798329778,Storm
728,41.63769587301371,-92.26013006124167,17593.421459457873,2130.9323016553444,-187.84517612126527,258.5692173041866,Storm
729,41.64047971420653,-92.25294273897607,17628.942632151062,2131.27036159137,75.81070041262444,105.9080314663479,Storm
730,41.638731590239466,-92.25481934703024,17664.463234282688,2131.2361278975,-113.72993904091314,95.3312821395943,Storm
731,41.63959162967997,-92.25147962826927,17699.98503512753,2131.308050690489,-42.454237738336616,90.73978622489523,Storm
732,41.63858982660606,-92.25186359453713,17735.507208033523,2131.330374359493,-157.3627878768037,94.70718276182163,Storm
733,41.64230839181539,-92.24280682423851,17771.15281214815,2138.736246877516,199.76549030826664,-271.0727766836664,Storm
734,41.642366716076666,-92.241070535836,17806.816705106907,2139.833577525521,190.86967368852692,-55.85522356627763,Storm
735,41.64208831556861,-92.24000769697216,17842.437534914134,2137.249788433636,148.30138013490364,169.43129043496407,Storm
736,41.641020649238676,-92.24052338975206,17878.043427331144,2136.3535450207028,26.806504394667115,143.0695255507959,Storm
737,41.64241392886741,-92.23611719061462,17913.701558137236,2139.487848365582,151.40622452053918,-57.51580700938021,Storm
738,41.64035528169594,-92.2386148450776,17949.342543345927,2138.4591125214483,-69.18673537470451,100.55603133815083,Storm
739,41.64242581524493,-92.23285413809968,17984.96022162841,2137.0606969489518,123.13837677650343,157.37108086596947,Storm
740,41.64253296850007,-92.23102019170943,18020.626459449366,2139.9742692573377,119.12545954345381,-38.65001111224018,Storm
741,41.642760333196804,-92.22894582243599,18056.388234961123,2145.706530705381,127.13368647000863,-227.87456677763493,Storm
742,41.64181423515143,-92.22921837864679,18092.249007784732,2151.6463694166596,17.79563918433982,-296.5448037011271,Storm
743,41.64108190450666,-92.22906340005636,18128.124940442376,2152.55595945866,-70.16566803989187,-80.12307907716126,Storm
744,41.64151553438098,-92.22657650042777,18163.96424957228,2150.358547794338,-41.53092335629785,117.28032401391732,Storm
745,41.6416323584471,-92.22472321241558,18199.83319566319,2152.136765454589,-44.57675949186171,-30.783826426481596,Storm
746,41.64117558499299,-92.22401711944383,18235.73542852334,2154.1339716091,-104.98234765026902,-76.04892502239596,Storm
747,41.641281769406014,-92.22218511073781,18271.726072934016,2159.4386646405806,-109.09214909473941,-256.0824457389338,Storm
748,41.64293376769797,-92.21726147427395,18307.667817332593,2156.5046639146867,41.37943735255115,100.92767913300975,Storm
749,41.64314521713595,-92.21521893551802,18343.630107311183,2157.737398715299,47.79613840384579,-21.903573719656606,Storm
750,41.64233368130011,-92.21522236730975,18379.523921608707,2153.6288578514414,-48.08568792830806,218.00018974309512,Storm
751,41.64303814774742,-92.21219379453518,18415.448365469874,2155.4666316700345,7.632714054487224,-12.490873422161428,Storm
752,41.641211671297576,-92.2142271075549,18451.413997745418,2157.937936532711,-189.74317367742572,-95.2513034243062,Storm
753,41.64277716793696,-92.20947647439615,18487.401267798738,2159.236203199272,-47.92175248565718,-60.70633146185972,Storm
754,41.6437243573662,-92.20596245565773,18523.384563975083,2158.997770580656,32.0689476909329,20.161528036127095,Storm
755,41.643982570687946,-92.20382638913428,18559.324114321927,2156.3730208106467,43.16203711737785,158.92995692527694,Storm
756,41.644950175699115,-92.20027153923198,18595.242811177955,2155.1218113615732,125.1942954864374,130.87384573589662,Storm
757,41.645667609955545,-92.19721703083917,18631.281223955168,2162.304766632759,182.2094783819739,-289.060450394183,Storm
758,41.64277590954193,-92.20138079178642,18667.40466584757,2167.40651354421,-121.68880572658156,-295.4622750131147,Storm
759,41.64472997888329,-92.19585301322374,18703.42854598677,2161.4328083520904,58.989885661841186,238.81832936999217,Storm
760,41.64326129164046,-92.19717074782946,18739.3914178606,2157.7723124297245,-102.60708136948028,256.22072687778405,Storm
761,41.64267571444279,-92.19672226234484,18775.29862633214,2154.432508292371,-175.89304388417565,260.66161608330856,Storm
762,41.643988418058065,-92.19247721523432,18811.322322398195,2161.4217639633903,-59.35092510414623,-239.1475029304701,Storm
763,41.64467269677333,-92.18948901792385,18847.389551581,2164.0337509682045,-5.651296325469758,-145.93405936769523,Storm
764,41.6440159837719,-92.18918280404672,18883.49369232172,2166.2484444432457,-86.05083921523087,-115.62602104422805,Storm
765,41.64623587818286,-92.18312337534485,18919.588178108,2165.669147176729,121.21035913306537,23.496766005152665,Storm
766,41.64441628781563,-92.18514291619935,18955.66956750516,2164.8833638295628,-75.47692033759854,66.200269986551,Storm
767,41.646182942143376,-92.1799899676639,18991.810046620732,2168.428746934448,86.46026968927742,-136.42559955987974,Storm
768,41.64511981828006,-92.18049657551057,19028.022256437383,2172.732588999015,-34.58035938985938,-226.86834399783146,Storm
769,41.644337501699574,-92.1804415687916,19064.18329162964,2169.6621115354806,-127.54026018612788,108.67071237898966,Storm
770,41.64448594011969,-92.1785250520714,19100.35153717124,2170.0947324957547,-127.42466092174922,15.09803020023611,Storm
771,41.64674365420328,-92.17238998402425,19136.604560371732,2175.1813920295185,83.61850468897308,-235.87384614315368,Storm
772,41.64632400046238,-92.1716096516261,19172.889607633537,2177.1028357083073,26.924887851561408,-146.06232977918174,Storm
773,41.648053741512285,-92.16653052964632,19209.1654001164,2176.547548971814,185.1707500950319,-9.872611968045192,Storm
774,41.647573286637915,-92.1658717995151,19245.429118780765,2175.8231198618614,122.39701991006325,30.135925293757055,Storm
775,41.644670248997706,-92.17005823491556,19281.668512651555,2174.363632247365,-182.63498685807232,79.89082535641342,Storm
776,41.648449494662586,-92.16088010370584,19317.89586077034,2173.640887127115,180.56133688266283,60.96709208779873,Storm
777,41.64806791915895,-92.16002361483315,19354.055056833677,2169.5517638003157,127.6755437707161,230.52387800904467,Storm
778,41.64585076523651,-92.16283828279808,19390.29802157798,2174.577884658058,-108.76809122042701,-172.773096055064,Storm
779,41.647529652531595,-92.15786086832794,19426.552070313042,2175.242924103732,44.39239554039668,-53.38291811597716,Storm
780,41.64859245621514,-92.15411562108089,19462.727178619192,2170.5064983689113,135.94452114668815,240.01387403880665,Storm
781,41.64679397894835,-92.15609293573449,19498.982580967288,2175.324140885617,-58.63144827891276,-157.87766461531078,Storm
782,41.64864967791959,-92.15076189791206,19535.27843754622,2177.7513947359707,112.21020609754476,-135.11637867111835,Storm
783,41.64896531556015,-92.14851098275099,19571.583931771303,2178.3296535049017,129.04572740547138,-45.75704781074231,Storm
784,41.64849234031074,-92.14783729336985,19607.970578770262,2183.198819937565,67.01995971658818,-242.6788116991991,Storm
785,41.64846486043975,-92.14627261323187,19644.348173584935,2182.655688880374,49.54372987062919,-28.939392757662517,Storm
786,41.64846313942123,-92.14465641538895,19680.789110660757,2186.4562245493576,34.64338527018964,-199.19147535308196,Storm
787,41.64921148297577,-92.14154008839989,19717.13866446837,2180.9732284568245,94.74949797767283,217.67824652593708,Storm
788,41.647278229623836,-92.14378695522382,19753.586036736666,2186.8423360978604,-113.30407996368974,-242.57126668790295,Storm
789,41.646653107195135,-92.14341756020126,19789.984111848797,2183.8845067277675,-190.54456558146543,85.18290026595963,Storm
790,41.64913421142278,-92.136835711866,19826.378406176078,2183.657659636901,42.83761443551231,28.018447628442004,Storm
791,41.64778090609037,-92.13792268265088,19862.79723497842,2185.129728140581,-107.22116155360983,-65.4564024566912,Storm
792,41.649378305474116,-92.13310824400341,19899.211888715618,2184.879224231667,37.79053407446921,-1.939884684498395,Storm
793,41.651098824641714,-92.12804756578825,19935.699661323033,2189.266356444872,195.11420808595494,-218.1361484659601,Storm
794,41.65007554320452,-92.12847448878269,19972.18734982677,2189.2613102243467,78.0578216190375,-57.40873913742473,Storm
795,41.64915504587551,-92.12869584356075,20008.623660641948,2186.178648910708,-28.7201540297541,130.55865939490576,Storm
796,41.65035927444858,-92.12466774653464,20044.971160943944,2180.850018119695,76.97446052974783,294.75359622131293,Storm
797,41.648250389428576,-92.12726587669471,20081.426014796118,2187.291231130528,-148.64228421834991,-237.53421036950022,Storm
798,41.65078144996674,-92.1205841157384,20117.849934526268,2185.435183809051,89.73552685149645,47.03215020384545,Storm
799,41.649128019791945,-92.12227133620803,20154.36481885185,2190.8930595348224,-90.33573337607766,-252.34837860660804,Storm
800,41.64852129255157,-92.12186515080883,20190.781104605747,2184.97714523382,-165.7367001614278,236.51452479847092,Storm
801,41.64909341127954,-92.11910127347294,20227.254100330505,2188.379743485548,-123.25307011250284,-105.97706273068755,Storm
802,41.64937985001705,-92.11690875611795,20263.750751964726,2189.7990980531663,-109.3374391092048,-87.00221650083762,Storm
803,41.6488982022066,-92.1162524118589,20300.238255681255,2189.2502229918155,-172.23046290156265,11.435874544962246,Storm
804,41.64903823951745,-92.11435269735722,20336.668287488774,2185.8019084510156,-172.95497456311404,180.21390469341696,Storm
805,41.649849920018205,-92.11110969647575,20373.109425454,2186.4682779136256,-106.5151672358268,24.00714876270638,Storm
806,41.652582670468284,-92.10402455569564,20409.528846202873,2185.1652449323396,152.0316350245833,90.5264214283165,Storm
807,41.65134146769172,-92.1048873213688,20445.998690426713,2188.1906534305062,13.183114620534127,-105.39974813077464,Storm
808,41.65068892662523,-92.10457276362183,20482.433473579487,2186.0869891663306,-66.79923477672082,101.69217311891407,Storm
809,41.65348075884535,-92.09736945930163,20518.85199299363,2185.1111648485353,197.655744488467,97.10351390962717,Storm
810,41.65188261749742,-92.09894610211752,20555.242141442985,2183.4089069611987,23.11336694800997,138.39030614354766,Storm
811,41.651659588704554,-92.0977725198233,20591.743710913255,2190.094168216338,-13.917755086512727,-263.91459443952886,Storm
812,41.65219523594641,-92.09508158545964,20628.14209999813,2183.903345092493,24.91872635116391,274.5751707032281,Storm
813,41.6507945428798,-92.09626333171289,20664.535657536828,2183.613452321749,-129.87882305693614,114.00293449239945,Storm
814,41.65104434829249,-92.09414408100756,20700.945566422357,2184.59453313178,-119.62652453637742,21.496610683848758,Storm
815,41.650774601763906,-92.09306393418476,20737.382102779608,2186.1921814350194,-161.32942014131214,-29.777438245088888,Storm
816,41.65355983170838,-92.08587383441585,20773.860930208826,2188.729645753134,102.46533155809846,-91.45708545661074,Storm
817,41.653342107718224,-92.0846896425162,20810.285617624115,2185.4812449174105,65.96468979488719,177.26997647383752,Storm
818,41.65453845452567,-92.08067730902135,20846.791233669566,2190.3369627271118,170.87112779178108,-159.21475088672787,Storm
819,41.65257428933847,-92.0829859995158,20883.365947097496,2194.4828056758693,-40.273633676276745,-208.55039200174954,Storm
820,41.65509424211134,-92.0763264540901,20919.846636590613,2188.841369586985,196.99340086335008,256.20058075457723,Storm
821,41.653431419051294,-92.07803246033022,20956.28944945136,2186.568771644883,15.982852112223839,205.21997662585278,Storm
822,41.65350270486674,-92.07627024881937,20992.738361436714,2186.9347191210977,8.383190908816886,74.15141280165585,Storm
823,41.651922653113594,-92.0778107124457,21029.158460019848,2185.2059149879483,-164.35022715359335,153.16225229808475,Storm
824,41.652224291747146,-92.07558779529865,21065.54381848526,2183.1215079248686,-148.91460654590605,195.64057815151705,Storm
825,41.65498883259077,-92.06843907373144,21101.924182441388,2182.8218373676104,112.81123506815436,125.24681864578588,Storm
826,41.65215264418965,-92.0724918106537,21138.377051072977,2187.172117895443,-185.53584779009515,-118.12298643280283,Storm
827,41.65320773537467,-92.06876198840371,21174.869642513775,2189.5554864478354,-94.75497203566286,-83.91815551708854,Storm
828,41.652653138509564,-92.06825154225396,21211.286331342457,2185.001329720917,-164.94290129446458,262.1746938186377,Storm
829,41.65466505891283,-92.06260806156746,21247.783213640614,2189.8129378893836,21.52089628495051,-116.68541360518589,Storm
830,41.654185058445755,-92.06194842262167,21284.300913466417,2191.0619895480895,-41.20739317028662,-31.678475697098634,Storm
831,41.65514679213838,-92.05840531535645,21320.830368098657,2191.76727793433,40.23773334424692,9.407656617898681,Storm
832,41.65656926512526,-92.05394072950271,21357.377747816077,2192.8427830453,167.75678928576696,-1.8219102565018375,Storm
833,41.65700761171918,-92.05144439643493,21393.87060088655,2189.5711842282267,196.8632059293251,210.85497464705747,Storm
834,41.654020304144794,-92.05579937170374,21430.312276427434,2186.50053245303,-116.59579425706568,258.3571287863498,Storm
835,41.65379901010638,-92.0546223199006,21466.733320554667,2185.262647633925,-153.45344084580955,190.46982509471496,Storm
836,41.65500332011622,-92.05059406000098,21503.11941250607,2183.1655170839767,-47.75068260936797,226.78459226704172,Storm
837,41.65710033613022,-92.04478038809302,21539.490848966907,2182.286187650346,147.22267604298014,183.55524007057267,Storm
838,41.65693551354249,-92.0434903933885,21575.9468419695,2187.3595801556658,116.01217452282458,-117.19251654117554,Storm
839,41.654246351356946,-92.04724907787964,21612.44156006727,2189.6830858661215,-167.6322867794991,-58.211892740903124,Storm
840,41.65476405471216,-92.04459403128925,21648.91807897603,2188.5911345255713,-130.59019400539654,116.97065334147703,Storm
841,41.655601637985846,-92.04129922486192,21685.334046156855,2184.9580308495433,-61.56010938488578,285.366120515949,Storm
842,41.65692840981655,-92.03702604132056,21721.736821522474,2184.1665219372426,56.3888309381328,193.48833818061655,Storm
843,41.65504190262561,-92.03917941582246,21758.11409229195,2182.636246168559,-146.99013090326062,217.2086893635735,Storm
844,41.65835011512417,-92.03094335094538,21794.54514216755,2185.862992535841,169.10287620535775,-7.762848708638444,Storm
845,41.6572313805406,-92.03156118023257,21830.955772980287,2184.637848764231,42.50117510039098,158.8858805417973,Storm
846,41.655653005726116,-92.03309828998158,21867.411839145454,2187.3639699100963,-130.064549095835,1.5396458780654712,Storm
847,41.65669558575564,-92.02939349004257,21903.971100226445,2193.5556648594215,-40.534788891074754,-212.17560470265053,Storm
848,41.65671835376119,-92.02772831415152,21940.627307637595,2199.372444669062,-52.98623108338742,-259.09661436870385,Storm
849,41.65549874612729,-92.02854788953934,21977.356767727866,2203.7676054163585,-189.67523722020522,-218.90022650710634,Storm
850,41.65939524137333,-92.0191352591673,22014.07399835694,2203.0338377444964,185.24604463566953,29.717721537010164,Storm
851,41.659553351999065,-92.01719939803588,22050.820538667263,2204.7924186193404,186.328864461288,-40.50127300192082,Storm
852,41.65708461031427,-92.02051724152551,22087.575203160104,2205.279869570452,-75.27354676589617,3.685117704146478,Storm
853,41.657742674963934,-92.01758147234622,22124.42095168085,2210.744911244847,-24.195324546835963,-236.60118944295365,Storm
854,41.65869521589564,-92.01405675060286,22161.31294248564,2213.5194482875067,56.330525876082504,-170.37709049424024,Storm
855,41.65875754488394,-92.01231245274629,22198.165587973042,2211.1587292440954,47.83518195913183,90.12065543889202,Storm
856,41.657034574904344,-92.01413875282552,22235.11771819916,2217.1278135670327,-139.19005874854076,-263.1902237335991,Storm
857,41.65969680426358,-92.00719465422709,22272.05864000361,2216.4553082671905,112.3046344273759,-24.119745738407914,Storm
858,41.656953695528806,-92.01106123181668,22308.898695118438,2210.4033068895487,-176.73448179780968,296.9197903018603,Storm
859,41.65709944501825,-92.00915009295784,22345.727874812324,2209.7507816331577,-176.88777560145334,117.02113731513191,Storm
860,41.660950320902785,-91.9998287013088,22382.626776881156,2213.934124129846,193.47157010536546,-156.49193747044464,Storm
861,41.657731885103956,-92.0046459330265,22419.595674377902,2218.1338498048003,-143.10025252512153,-227.16903634654267,Storm
862,41.65852327064695,-92.00144352206054,22456.628831018767,2221.989398451758,-78.68994097296178,-239.372513393612,Storm
863,41.66022609785094,-91.99641822777262,22493.728533887646,2225.9821721327294,76.86453667765278,-262.6249211219624,Storm
864,41.65964242342424,-91.99596593674606,22530.701500794497,2218.378014411043,3.768851259915891,298.0181123117861,Storm
865,41.66100789841714,-91.9916153468803,22567.672061663226,2218.233652123851,125.58810780240754,69.13166293860655,Storm
866,41.65912431424973,-91.99376287533515,22604.62392631519,2217.1118791178887,-77.49855168535534,74.33750177498308,Storm
867,41.66015474804971,-91.99008236785522,22641.599017780343,2218.505487909222,10.816585564660642,-44.34996966577711,Storm
868,41.6587167061285,-91.99133881181768,22678.49597004679,2213.817135986812,-147.7158493039202,231.96252914427998,Storm
869,41.6601402856443,-91.98687201290613,22715.478387816744,2218.945066197225,-20.086140471470998,-183.22649290754094,Storm
870,41.659959466880004,-91.98561401055477,22752.468355828245,2219.3980806899885,-52.89625964908416,-51.522148482643786,Storm
871,41.66194586348624,-91.98002157746234,22789.41065930154,2216.5382083977133,131.0151582267497,140.1686283368412,Storm
872,41.66186021390601,-91.97857323674283,22826.466929675113,2223.376222414493,107.7219574565359,-293.3812413428117,Storm
873,41.66059489275164,-91.97948423917161,22863.505564795334,2222.3181072133757,-33.53840072809538,-11.193509018805798,Storm
874,41.65915432829369,-91.98074572820755,22900.59158876323,2225.161438073639,-192.32308927077733,-144.11207475297948,Storm
875,41.662266000906364,-91.97290274310225,22937.73736753859,2228.746726521683,104.115929248854,-217.73417656260057,Storm
876,41.66151336456716,-91.97278837590069,22974.91805500915,2230.841248233772,14.124052581036665,-170.8788767896575,Storm
877,41.6595678895674,-91.97505968602024,23012.129235441967,2232.670825968911,-195.1516901424427,-155.27912544027512,Storm
878,41.66357018391594,-91.9654354574432,23049.257887608677,2227.7191300026825,190.3495019640215,180.92226712979374,Storm
879,41.66365227790106,-91.96365162959302,23086.39623870868,2228.301066000132,183.83065772841337,-7.287573644182544,Storm
880,41.66040019854596,-91.96853614842325,23123.51941057906,2227.3903122230104,-156.1055205289986,28.7756933842158,Storm
881,41.66192604551697,-91.96386481460127,23160.572214127063,2223.1682128801954,-18.249066176015646,206.6142496437696,Storm
882,41.66064814892934,-91.96480096789658,23197.64385222535,2224.298285897202,-160.76696768630217,-7.055317786933074,Storm
883,41.66100329569245,-91.96247103449038,23234.751769858667,2226.475057999154,-139.9805341224063,-105.19444386596402,Storm
884,41.663499811770706,-91.95585836245391,23271.856726122347,2226.2973758208386,94.94283095511986,-14.389122378740069,Storm
885,41.662201219029214,-91.95683590805695,23308.98179589701,2227.504186479804,-49.64468594169227,-63.31423285797882,Storm
886,41.66268273538973,-91.95425323545595,23346.044469385553,2223.7604093127143,-16.22129263760536,171.00992630223413,Storm
887,41.66456056949934,-91.94887792735676,23383.03178742347,2219.2390822751804,156.83387557609376,273.2008119023569,Storm
888,41.66428712671608,-91.94780517304334,23420.08508883993,2223.1980849875386,114.76135450211802,-110.75586255119237,Storm
889,41.664039334422874,-91.94668111774978,23457.14954369845,2223.8672915114503,75.25388243461686,-37.438125566764825,Storm
890,41.66245276051419,-91.94823462568718,23494.148979653914,2219.966157327658,-98.13175118157953,204.5229476555536,Storm
891,41.661735065849335,-91.94805037513694,23531.09305906294,2216.6447645414914,-184.62946041507,241.05719528125417,Storm
892,41.66357455273946,-91.94275176147673,23568.042080475116,2216.9412847305102,-15.409014150106344,82.32088608496827,Storm
893,41.66451334099726,-91.93925454508117,23604.933999825324,2213.515161012458,63.74156888231306,237.07064442392186,Storm
894,41.66456988646458,-91.93752181426657,23641.840475092282,2214.3885160174304,54.66787286688293,68.36015085603708,Storm
895,41.662437098325626,-91.94016775066451,23678.76872722221,2215.6951277957955,-173.33918377572402,11.04481316712247,Storm
896,41.662918448594134,-91.93758541024754,23715.669909278884,2214.070923400512,-139.93239967318334,142.46026123289136,Storm
897,41.66451394270159,-91.93277478215268,23752.566920955764,2213.8207006128805,4.888768325069805,108.136667525012,Storm
898,41.662779029048224,-91.93462496957945,23789.57742624157,2220.6303171482896,-183.33083975904628,-249.12479037251808,Storm
899,41.665624913425546,-91.92731356094484,23826.67156308912,2225.648210853055,86.52935522507289,-256.749398400796,Storm
900,41.66319192921183,-91.93055988949232,23863.854600863535,2230.982266464906,-171.49730889389656,-292.73491485906754,Storm
901,41.666880190321436,-91.92156372739313,23900.97239744629,2227.0677949654105,182.60055931979207,142.5050156754042,Storm
902,41.66461447278973,-91.92447552257659,23938.134896361455,2229.7499349099558,-58.699436599174334,-122.07865122740685,Storm
903,41.66474756250218,-91.92258970327174,23975.215345941466,2224.8269748006314,-60.11870810166019,164.7921187087091,Storm
904,41.66614151445496,-91.91818215948622,24012.34744379386,2227.9258711436228,64.54824442816573,-188.88265927951923,Storm
905,41.66433975177949,-91.9201660449572,24049.510934385966,2229.809435526343,-130.35626586636624,-240.96261017196161,Storm
906,41.666431807744424,-91.91436229314736,24086.55672654237,2222.747529384343,64.12108788053524,158.62359733304157,Storm
907,41.664998065006394,-91.91561013874346,24123.659689727327,2226.1777910972532,-93.9814286699984,-287.4330233814523,Storm
908,41.66441384839048,-91.91515893209532,24160.586232200818,2215.5925484094296,-167.13133300942906,280.71602090701833,Storm
909,41.66541422325796,-91.91153854248041,24197.4182362835,2209.9202449611385,-81.8220890090319,161.53388870288018,Storm
910,41.666878380850946,-91.90699058741448,24234.222960707608,2208.2834654463572,49.865427541705515,-70.83621620826247,Storm
911,41.66534975805178,-91.90842819313283,24271.029394375255,2208.3860200588847,-117.72509512177795,-227.16814910435613,Storm
912,41.66713434330263,-91.9032393827512,24307.68651378268,2199.4271644454284,46.00518721554664,164.78026838267277,Storm
913,41.667397190872116,-91.90109404773226,24344.271495017114,2195.0988740661824,57.56170141645225,18.18127994949498,Storm
914,41.665136661179154,-91.90399546723822,24380.682947351852,2184.6871400843415,-183.2195106273455,281.0932665566303,Storm
915,41.66831099547952,-91.89602715875753,24417.07771576079,2183.686104536441,119.48567666182981,-124.30677797942116,Storm
916,41.66918330245782,-91.89266290492098,24453.35859221846,2176.8525874601637,191.98813174354024,61.12895378179326,Storm
917,41.667740394200685,-91.89392908155527,24489.508144837528,2168.9731571439975,32.96906328289859,148.84390765771928,Storm
918,41.668805065147694,-91.8901800997813,24525.551414977315,2162.5962083872537,124.70791523605504,93.88716439890158,Storm
919,41.666217651408274,-91.89373528738018,24561.547279220344,2159.751854581739,-148.76170145352,-97.03949640330097,Storm
920,41.66956488541159,-91.88542117949359,24597.499936236392,2157.159420962963,171.23345613041988,-165.23063289368883,Storm
921,41.667488501373114,-91.88795430769059,24633.35721977891,2151.437012551174,-51.13319046499467,-40.75387023348242,Storm
922,41.66790473566402,-91.88550219922882,24669.08933005267,2143.926616425579,-24.238004122219138,67.76374949671532,Storm
923,41.670066701483684,-91.87955862770951,24704.77844458343,2141.346871845592,177.23033509788303,-155.58437290049702,Storm
924,41.66692768606539,-91.88421701866615,24740.412243369374,2138.0279271565655,-151.39944947963278,-181.51770608403763,Storm
925,41.6701366625885,-91.87617942573998,24775.89425605802,2128.9207613187878,154.76996008370782,87.48648759312363,Storm
926,41.667879872572094,-91.87907336589282,24811.211080173827,2119.009446948351,-85.63728430433595,189.56816338117034,Storm
927,41.67032900782807,-91.87255545550092,24846.367215960534,2109.36814720248,144.5479985453744,207.90860321416682,Storm
928,41.67070651640464,-91.8701807984678,24881.486231587176,2107.1409375985427,167.57061345582179,-148.65538789598304,Storm
929,41.67019826041255,-91.86957767057203,24916.49630344224,2100.604311303884,102.01677149851133,-23.676301635515983,Storm
930,41.670693369336604,-91.86696781284397,24951.351559974315,2091.315391924596,136.7994211560246,137.09440629696792,Storm
931,41.670578447338514,-91.86557801696019,24986.08028581028,2083.723550157926,110.57897859988987,93.69710260864292,Storm
932,41.668329655057875,-91.8684559616415,25020.702684677824,2077.343932052655,-129.02849221211727,27.016151338163013,Storm
933,41.67170590136557,-91.86008382914616,25055.135119556915,2065.9460927455143,193.86789580980326,262.43283989827137,Storm
934,41.66808719977813,-91.86570159244107,25089.55382734432,2065.122467244286,-182.73050568119532,-201.11111056233773,Storm
935,41.66858870235624,-91.86307894740489,25123.807592851554,2055.2259304340114,-147.30849061817523,135.58794599117732,Storm
936,41.671480211009325,-91.85567629021877,25158.025428432218,2053.0701348398734,127.11413194277804,-171.89318021359685,Storm
937,41.67037976288918,-91.85625754657909,25192.055149045525,2041.7832367984565,2.341077180731588,204.42181680672002,Storm
938,41.67143484072392,-91.85252775102965,25225.98752266867,2035.942417388723,93.12061790650023,25.342323295108997,Storm
939,41.67101230773416,-91.85175317712923,25259.816131616513,2029.716536870619,36.13907618350916,5.016328149767958,Storm
940,41.669988393205074,-91.85218136630742,25293.527575662807,2022.6866427776047,-80.98061947247177,39.013195715409665,Storm
941,41.671701023035475,-91.84713646676666,25327.062852365492,2012.1166021611382,75.55412082003625,223.99374951648463,Storm
942,41.671637929670666,-91.84564301361632,25360.461896428777,2003.9426437971365,54.51654159169922,156.6729222258948,Storm
943,41.669880333222046,-91.8475385666336,25393.78213389161,1999.2142477701182,-135.9713460181708,-23.06551534812604,Storm
944,41.66942465558901,-91.84683028201971,25427.051982298624,1996.1909044207396,-196.26735206916268,-151.9926812870262,Storm
945,41.67244045839763,-91.83917903652251,25460.108982812213,1983.420030815334,90.58468604520192,295.08597080961806,Storm
946,41.670078606363,-91.84228310071181,25493.109230624144,1980.0148687159606,-160.32876016511364,-59.10341048322704,Storm
947,41.673029460266925,-91.834761753024,25526.06434877881,1977.3070892799701,120.02838747966382,-177.57861922266068,Storm
948,41.67219679861682,-91.83480743644427,25558.855457146397,1967.466502055246,22.033979720914488,139.84277761780487,Storm
949,41.67258768304813,-91.83240602770168,25591.617113887034,1965.6994044381,46.39418010407161,-187.18515923075032,Storm
950,41.67169256194931,-91.83257663001936,25624.201985380085,1955.092289583149,-57.84617252570422,170.27507069123834,Storm
951,41.67263521215856,-91.82907168972089,25656.795080048163,1955.5856800846936,21.690605652806653,-296.86223187425236,Storm
952,41.67360955156962,-91.82550337101881,25689.349889162026,1953.2885468316954,104.39630401123753,-278.8131870358566,Storm
953,41.67369580608791,-91.82371122210226,25721.828566264558,1948.7206261519857,98.29351309249284,-178.51166390085757,Storm
954,41.67469244730494,-91.82009829978826,25754.202140741556,1942.4144686199554,183.22939204775207,-79.23554921874933,Storm
955,41.67231516227729,-91.82323322996359,25786.520823804552,1939.1209837797219,-69.22735346476836,-210.6671698005332,Storm
956,41.67237713510138,-91.82148964443546,25818.62607746027,1926.3152193430788,-77.75831380391405,225.9904570969203,Storm
957,41.6752873380174,-91.81404959872346,25850.65720764367,1921.8678110039507,198.53373505089894,-79.01428169589099,Storm
958,41.673243725618185,-91.81651718364192,25882.520521608596,1911.798837895386,-20.555747618182977,133.24256292164222,Storm
959,41.6751413486437,-91.81110229771093,25914.260914733655,1904.423587503603,154.47831218602983,55.82660051207051,Storm
960,41.67330995074203,-91.81314545363432,25945.91068821044,1898.9864086069408,-43.38972072886827,-52.42689549082576,Storm
961,41.674673602962784,-91.80879850931285,25977.543321528236,1897.9579990678967,78.24725859872274,-298.0690418374328,Storm
962,41.674516770154106,-91.80749253505023,26009.064920581102,1891.295943172096,47.83573498393628,-86.70419373518556,Storm
963,41.67536248455685,-91.8041814663648,26040.542561216767,1888.658438140001,117.6789325108337,-244.20561610612071,Storm
964,41.67468578672701,-91.80391522214451,26071.88327245683,1880.4426744037319,35.2809067793562,-11.41626606832574,Storm
965,41.67504956219032,-91.80156803133794,26103.18840340765,1878.3078570490948,56.930210362090975,-261.087843310219,Storm
966,41.674947477663885,-91.80015256051085,26134.33648385895,1868.8848270780863,31.993514971252523,36.89075277571425,Storm
967,41.675017465319314,-91.79839294532003,26165.343246789955,1860.4057758602364,24.264037766468363,62.09259995787289,Storm
968,41.675627979118026,-91.79555227784263,26196.173118409868,1849.7922971947164,70.58717489054487,182.99339980846185,Storm
969,41.67414867267711,-91.79689125084451,26226.836088488453,1839.7782047151748,-92.07171194871427,195.02964610803724,Storm
970,41.675209694953125,-91.79314956641252,26257.487744126396,1839.0993382766515,-0.697727094618557,-253.7650325194013,Storm
971,41.67359815836853,-91.79475299970176,26288.039461805256,1833.103060731515,-176.5796283024083,-99.45700878236352,Storm
972,41.676650824987476,-91.78702802658391,26318.426694777947,1823.2339783613738,113.95879084458704,124.60856084454946,Storm
973,41.676812979365195,-91.78508407794851,26348.707529604784,1816.850089610205,115.44598586896257,10.361433864965647,Storm
974,41.675566597925794,-91.78595720094734,26378.948757172173,1814.4736540433892,-23.920400817803767,-211.52848397622964,Storm
975,41.67526585537589,-91.7849390461672,26409.07337834492,1807.4772703649023,-68.72289855627537,-39.588380295674824,Storm
976,41.67445476850765,-91.78494158002371,26439.136840332318,1803.8077192437831,-164.5598281281531,-167.63282837327324,Storm
977,41.67664055039266,-91.77895037637373,26469.02447649443,1793.2581697266505,39.290117625495526,141.39786854351388,Storm
978,41.678388321689454,-91.7738351939002,26498.723506585728,1781.9418054780106,199.33900455717986,259.86799880613455,Storm
979,41.677112474869496,-91.77476724766014,26528.351382988556,1777.6725841697287,57.02607981407664,-47.2511680235568,Storm
980,41.67723420595767,-91.77290414560383,26557.81254665045,1767.6698197136652,54.4709458832931,171.3909708481392,Storm
981,41.675310123690004,-91.77513267025921,26587.202214882826,1763.3800939425544,-152.66552363064505,-54.05706618222706,Storm
982,41.67834327049633,-91.7674467367666,26616.50845935996,1758.37466862817,135.9209142542469,-69.7002288401736,Storm
983,41.677418832866174,-91.76767597214695,26645.688314386036,1750.7913015645413,28.748908490874612,52.66161651731892,Storm
984,41.67601653122127,-91.7688609355568,26674.797382488625,1746.5440861553388,-126.20949874654426,-82.65873500862696,Storm
985,41.67676395379118,-91.76574645053701,26703.89175531243,1745.6623694282641,-66.19548450322714,-284.28197488076114,Storm
986,41.67566995811925,-91.7663148020009,26732.790309343665,1733.9132418740767,-190.3232944434579,199.0182262054641,Storm
987,41.67681275673105,-91.76240956489734,26761.59596052814,1728.339071068483,-90.77167601087504,10.847259743289271,Storm
988,41.677062658212996,-91.7602901220535,26790.211400953263,1716.9264255074054,-80.50977056449078,264.40754706920427,Storm
989,41.67705222538158,-91.75869134783638,26818.763337882017,1713.11621572527,-96.2812964536905,-42.205912356638976,Storm
990,41.67965324177553,-91.7518696751685,26847.146345729725,1702.980470862493,149.09210019384074,205.16014007508517,Storm
991,41.67705400887245,-91.7554485010947,26875.390730404277,1694.6630804731788,-125.55943286148907,181.58598587742625,Storm
992,41.678289633175496,-91.75135761260866,26903.56242244242,1690.3015222886434,-16.72524530484293,-10.21867674878689,Storm
993,41.677138087945686,-91.75204106318832,26931.727416144193,1689.89962210624,-146.6080110336225,-251.6390917457252,Storm
994,41.67966320771139,-91.74537118377695,26959.779470536017,1683.1232635093802,91.1757227895061,-2.1233085868201442,Storm
995,41.678646135721436,-91.7457856878769,26987.69017271442,1674.6421307043101,-25.25971895392817,137.70493719143803,Storm
996,41.68010806693441,-91.74124218557098,27015.5868393213,1673.7999964125545,106.20515959644388,-204.65509939838785,Storm
997,41.67963419836383,-91.7405702828322,27043.445041841616,1671.492151219056,44.09005979105652,-218.7875506333887,Storm
998,41.68034608053751,-91.73752687860487,27071.155168734353,1662.6076135642452,100.5500344116183,94.17309376028373,Storm
999,41.681314321105205,-91.73397075758952,27098.860150025193,1662.298877450549,182.6458484333832,-258.6251901861473,Storm
1000,41.67786336393296,-91.73925303205407,27126.48684401306,1657.6016392718757,-177.17811153949827,-130.68775518407992,Storm
1001,41.678829250210775,-91.73570161961847,27154.049722600397,1653.772715240365,-95.31772650563761,-151.81272055680012,Storm
1002,41.681554728225386,-91.72863102370927,27181.544623361475,1649.6940456647587,162.50183220841467,-150.27228009029633,Storm
1003,41.67916479123529,-91.73179125780952,27208.86778936423,1639.3899601653734,-91.2201095485476,155.6389574507782,Storm
1004,41.68002323412806,-91.72845473214402,27236.042616284307,1630.4896152046458,-20.104063019784007,166.02633417310875,Storm
1005,41.67863302181599,-91.72961551688819,27263.13225488152,1625.3783158326567,-173.8535369742459,-7.457283795969431,Storm
1006,41.67865329401394,-91.72795533261234,27290.2097200208,1624.647908356903,-186.55455992668695,-262.4080779267873,Storm
1007,41.68229187185406,-91.71905853705213,27317.23645057984,1621.6038335423425,162.57498133776437,-216.4527773294429,Storm
1008,41.68094308719726,-91.72013646648577,27344.157995219623,1615.2926783869152,12.968272910086853,-53.34263843957606,Storm
1009,41.68035006020067,-91.719702880599,27370.888723208154,1603.8436793118833,-61.06266949646292,239.9000074123635,Storm
1010,41.67919526291021,-91.72039283529995,27397.50354264614,1596.8891662791905,-191.2706412898042,98.27381170535347,Storm
1011,41.68310882948744,-91.71094606226553,27424.01591921384,1590.7425940620444,185.35777368542017,36.10091007710514,Storm
1012,41.683149824026195,-91.70924443330807,27450.524422404047,1590.5101914122647,174.7289848132367,-268.64527242838574,Storm
1013,41.68122498988183,-91.71147446171683,27476.960397016494,1586.1584767467998,-32.48267237033545,-143.9053254227693,Storm
1014,41.682620382892935,-91.70706403581465,27503.18668871597,1573.5775019686841,92.32838599229194,288.778254298348,Storm
1015,41.68087050171026,-91.70894415830006,27529.307362506377,1567.2404274244404,-97.38797502230088,92.50476088444469,Storm
1016,41.680784054419,-91.70749741300261,27555.32859331844,1561.2738487239,-120.76094689610395,39.19815274296593,Storm
1017,41.68199467626219,-91.70345652943627,27581.16651543619,1550.2753270650383,-14.427005324665515,283.20319777892223,Storm
1018,41.6827203378337,-91.7003855664133,27606.969682457697,1548.190021290459,43.41090907858663,-90.29617674790873,Storm
1019,41.68088989430994,-91.70242681358084,27632.748748213497,1546.7439453480024,-154.36168604482666,-209.25190275903927,Storm
1020,41.681482061317666,-91.69962283968543,27658.47089364581,1543.3287259386034,-109.87322801950596,-149.4200031958212,Storm
1021,41.6841305402567,-91.69270624192741,27684.07575450433,1536.2916515112793,140.24642313645512,36.73367296951494,Storm
1022,41.68296892209832,-91.69340983836422,27709.6675944394,1535.510396104321,9.356364549746587,-231.1386768784695,Storm
1023,41.68446319965369,-91.68880164337351,27735.101164259388,1526.0141891991889,144.05587733977399,133.68858192509026,Storm
1024,41.68144059675537,-91.6932272092902,27760.409671498,1518.5104343167668,-172.93265523999938,124.70105833786118,Storm
1025,41.68349135860461,-91.68750604571174,27785.72100334605,1518.6799108828932,17.415286937058426,-250.96479255193304,Storm
1026,41.683297690728836,-91.68627374158334,27810.922545379643,1512.0925220155646,-16.679743388537418,-9.182227721971799,Storm
1027,41.68227486875085,-91.68669974565935,27835.94028615773,1501.0644466852195,-133.69018393468968,267.41888820016936,Storm
1028,41.6851589545036,-91.6793119342739,27860.856045872955,1494.9455829136173,139.99014859226475,101.413402397465,Storm
1029,41.68375551768916,-91.68049916802282,27885.71172993326,1491.3410436182755,-15.081775599757123,-52.940675049294896,Storm
1030,41.68465751174122,-91.67707554003873,27910.46849667627,1485.40600458056,60.38938686038165,27.259121644143306,Storm
1031,41.682449992723626,-91.67987093819396,27935.13959677463,1480.2660059016555,-175.09075764724577,7.501589262198991,Storm
1032,41.685573797196504,-91.67200368936824,27959.734645696404,1475.702935306621,122.56144689313578,-24.45607344182514,Storm
1033,41.682703291465266,-91.67612506095077,27984.185635750884,1467.059403268886,-179.21736897829263,171.76691963041986,Storm
1034,41.68344820271108,-91.67301559857918,28008.616193993133,1465.8334945350082,-119.45448714561024,-144.82749906717675,Storm
1035,41.683448855423734,-91.67139465327391,28032.986016374143,1462.1893428606218,-134.11745862708165,-101.87096107710147,Storm
1036,41.68596431846023,-91.66474408732095,28057.258496802842,1456.348825721906,102.700602275454,11.631515702362378,Storm
1037,41.683904119961554,-91.66724484443834,28081.370834451485,1446.740258918578,-118.04749033971498,226.69804689122452,Storm
1038,41.68675020471224,-91.65993303505701,28105.345209561325,1438.4625065902865,151.83274198061167,222.34705502760414,Storm
1039,41.684334344565436,-91.66314511547067,28129.269852916317,1435.4786012995814,-104.48151544738428,-29.256393491407152,Storm
1040,41.687466400771946,-91.65526136317769,28153.06143827775,1427.4951216858483,193.99586245635004,163.2074857859942,Storm
1041,41.683782394259765,-91.66100973632209,28176.87846723517,1429.0217374451088,-189.13303150977606,-260.87724524370475,Storm
1042,41.685676732509584,-91.65560141994249,28200.51547595861,1418.220523406594,-14.427449275066891,245.53212351693605,Storm
1043,41.68612309662162,-91.65308905183845,28224.09661702997,1414.8684642814912,15.480719181085703,-1.3124951794258664,Storm
1044,41.68453746665711,-91.6546406718875,28247.571825454383,1408.5125054647979,-157.81052001734776,94.06806283457644,Storm
1045,41.687551266927166,-91.64699343146745,28271.004953573512,1405.987687147894,128.8412642400902,-71.74799549546259,Storm
1046,41.68751258411594,-91.64545115720993,28294.265256049806,1395.618148577618,110.24474037013101,278.685992340487,Storm
1047,41.68537248497622,-91.6481117156094,28317.47195937947,1392.4021997797315,-118.49341634892437,13.997778716844778,Storm
1048,41.68585325339953,-91.64553053888284,28340.55161577481,1384.7793837204242,-85.14481676616978,175.7126514203036,Storm
1049,41.68716235745819,-91.64129269088555,28363.55067827714,1379.9437501398895,31.037346352463004,80.74945053018223,Storm
1050,41.6881909230606,-91.63761591980077,28386.510858196416,1377.610795156426,119.16566384635763,-62.41771640252708,Storm
1051,41.688806909123244,-91.63476430779554,28409.392189860093,1372.8798998205284,166.03602736281726,19.81732034768396,Storm
1052,41.685925650568436,-91.63890718502519,28432.167792982324,1366.5361873338352,-136.8180708658608,117.53947090128145,Storm
1053,41.688614159106315,-91.63191052806945,28454.922401699085,1365.276523005717,117.30454017530178,-109.94299375948401,Storm
1054,41.68901711316004,-91.62948498008205,28477.518587253602,1355.77113327098,142.87170279950118,243.6859528594598,Storm
1055,41.68684329650903,-91.63221297350411,28499.971108030433,1347.1512466098811,-89.23820504887642,290.1128836291332,Storm
1056,41.68644580709919,-91.63138831244383,28522.44487574015,1348.426062583183,-143.71538878049662,-178.79059895850602,Storm
1057,41.68676714277142,-91.62912600121942,28544.76254116645,1339.0599255779186,-126.31006430478955,236.3938260047222,Storm
1058,41.688794696051254,-91.6234512547798,28567.106707568393,1340.6499841166685,61.717020929984756,-208.73743006663628,Storm
1059,41.68808610194289,-91.62324880311654,28589.346980491384,1334.4163753795287,-23.87063265266042,69.1788150418812,Storm
1060,41.68680594703685,-91.62418947304867,28611.450851681533,1326.2322714088918,-166.61436600424668,229.44982104440328,Storm
1061,41.68983378726614,-91.61651415271014,28633.509474657963,1323.5173785857733,121.44141417661405,3.1240641459829135,Storm
1062,41.69063516201289,-91.61329176333668,28655.522990769925,1320.810966717761,186.85064610366817,-49.34341243494018,Storm
1063,41.69085037925547,-91.61124168897156,28677.43561166706,1314.7572538281902,193.64412761459914,100.75199928217626,Storm
1064,41.68959990549981,-91.6121229966029,28699.359971708815,1315.4616025052528,53.86850930157658,-200.427062822529,Storm
1065,41.690736213867496,-91.60823073998758,28721.216898922332,1311.415632810987,152.7711033218576,-43.50618724763092,Storm
1066,41.68800471888488,-91.61207409007285,28743.09940174076,1312.9501691057972,-135.10663768700826,-292.4354880145446,Storm
1067,41.689742090423785,-91.60697970711509,28764.880043369438,1306.8384977206772,23.902273455353026,16.439773273605795,Storm
1068,41.69052776460619,-91.60378871887032,28786.509191321096,1297.7488770994782,87.7414489476634,234.15483181068123,Storm
1069,41.68811525888275,-91.60699409043724,28808.03947406646,1291.8169647217342,-168.23736614278818,138.89789420421744,Storm
1070,41.68869456274805,-91.60421584282668,28829.44137942924,1284.1143217668814,-125.03522236096711,214.90623189429834,Storm
1071,41.69136845145458,-91.59724842553365,28850.788022865923,1280.7986062009625,127.62540554466244,24.476252991326646,Storm
1072,41.6910804510211,-91.59620478652066,28872.11072997291,1279.3624264190444,84.09711944932462,-111.38993208975097,Storm
1073,41.690271433849816,-91.59620318098327,28893.29521609452,1271.0691672966416,-11.532840426874145,192.98213862628302,Storm
1074,41.690371105470255,-91.59438419786242,28914.45995812588,1269.8845218815113,-16.293921130714438,-85.32104080473493,Storm
1075,41.69065817689804,-91.59219041512691,28935.488249236554,1261.6974666403853,-2.315021099880056,196.94955146233104,Storm
1076,41.69016944172599,-91.59154824559103,28956.535122623973,1262.8124032451474,-65.9167810516509,-195.7430441185537,Storm
1077,41.69182394804531,-91.58661959307243,28977.436855137323,1254.1039508010313,84.80560813231233,195.58692762484907,Storm
1078,41.68952572430556,-91.58959640067198,28998.342803412026,1254.3568964821263,-159.74500859058668,-156.07553234643316,Storm
1079,41.68983834477798,-91.58735151984718,29019.20199736282,1251.5516370474932,-143.21120409560245,-91.23515305070003,Storm
1080,41.69121914316204,-91.5829702831991,29039.936763707723,1244.0859806943229,-19.859608437834936,149.2958021779839,Storm
1081,41.692169612013416,-91.57944970561638,29060.593150630273,1239.3832153530448,60.45903395266964,72.55714048705869,Storm
1082,41.6911218038878,-91.57992568198765,29081.122705631806,1231.7733000919577,-59.050021356138245,204.86853185085596,Storm
1083,41.691744735198434,-91.57706017948642,29101.5113984559,1223.3215694457076,-11.485133040734183,287.4629628090927,Storm
1084,41.6925434375095,-91.57384313498433,29121.941144817498,1225.7847816959227,53.65685531829473,-224.24115506129834,Storm
1085,41.6928588616321,-91.57159264685919,29142.3293283017,1223.2910090522969,70.47102483017358,-104.93759074098062,Storm
1086,41.69304674259802,-91.56959724504738,29162.73288600504,1224.2134622004364,74.53087867443895,-258.21531110255654,Storm
1087,41.69114824198745,-91.57177460638854,29182.97770827948,1214.6893364662278,-130.04742512961624,213.44235534347183,Storm
1088,41.691504716894315,-91.56944201669486,29203.106288993575,1207.7148428458188,-109.12817719059404,202.22467514576402,Storm
1089,41.69186038544751,-91.56711103970851,29223.160651597762,1203.2617562512783,-88.28956461823583,85.72914603522457,Storm
1090,41.693667165815214,-91.56187783909314,29243.159669721455,1199.9410874215953,77.66022940393242,7.59285188703177,Storm
1091,41.69225908865544,-91.56307435353274,29263.157234530303,1199.8538885309247,-77.87572932130749,-172.41337417734232,Storm
1092,41.691317885794376,-91.5633371193749,29283.11786888239,1197.6380611251325,-186.72425817502952,-117.63215925556571,Storm
1093,41.69394506196572,-91.55646312715224,29302.915987238008,1187.8871013371913,61.26511621251319,262.98289106908965,Storm
1094,41.69496451116013,-91.55280458888348,29322.61914455812,1182.1894392068382,148.4817929052208,159.63886592118155,Storm
1095,41.69478076503157,-91.55155244126064,29342.243016253957,1177.4323017500535,115.37893730131947,98.99094208559717,Storm
1096,41.69281540551629,-91.55386352041123,29361.736232208343,1169.592957263075,-95.8852569735988,244.31701842349787,Storm
1097,41.69460446976113,-91.5486657520416,29381.18309468509,1166.8117486048068,68.2929247623336,36.26437858826398,Storm
1098,41.69251278081783,-91.55122949004823,29400.590936064094,1164.4704827402297,-155.60421231460757,-31.766673716144737,Storm
1099,41.694057538453265,-91.5465203348974,29419.869668193583,1156.7239277693332,-15.856691519229486,218.73816571360203,Storm
1100,41.69454998067668,-91.54391581057061,29439.138020360308,1156.1011300033806,18.6592880751154,-71.75967061775421,Storm
1101,41.69641787153745,-91.53856038896912,29458.426254894744,1157.2940720662916,190.72013140426373,-233.5676440042106,Storm
1102,41.694348146364135,-91.54108019943578,29477.730588338185,1158.260006606461,-30.980628675222164,-274.7851948971568,Storm
1103,41.69576485156143,-91.53662714916125,29496.866625670264,1148.162239924781,95.96164830677213,250.84593131949043,Storm
1104,41.694072666824034,-91.53839187875606,29515.889727906506,1141.3861341744346,-87.98506817980423,215.00500607947254,Storm
1105,41.69426867285516,-91.53638022681385,29534.790989464334,1134.0756934696217,-83.1127078152409,246.46209698634914,Storm
1106,41.69626292997518,-91.53077207269386,29553.59839520067,1128.4443441802393,101.5847614387136,182.94406610486317,Storm
1107,41.693466391010666,-91.53474551074292,29572.27862927866,1120.8140446791951,-192.7973777598182,277.6862142444156,Storm
1108,41.69644833118402,-91.52716199051625,29590.974820508865,1121.7714738124332,90.66839682812929,-117.14934276832,Storm
1109,41.69700650830266,-91.52442599639903,29609.65902921324,1121.0525222623235,131.75786594353877,-131.08728095104203,Storm
1110,41.69732722742895,-91.52216491826647,29628.360091302744,1122.0637253703608,149.1015358264512,-232.4517657528378,Storm
1111,41.69679823840801,-91.52160325642839,29646.979289183557,1117.1518728487797,81.47439098431829,24.419085986946186,Storm
1112,41.69451691480642,-91.52454626375162,29665.595097983678,1116.9485280072588,-161.38621192182367,-154.86370304469662,Storm
1113,41.69432767549823,-91.52330510248804,29684.145497826445,1113.023990565986,-195.03838548907407,-18.739220721296476,Storm
1114,41.69563040282364,-91.51908000795726,29702.613936077472,1108.1062950616547,-79.49389569599985,59.014490578655284,Storm
1115,41.69576157543891,-91.51719802284677,29721.066921466652,1107.1791233507095,-81.10487691655312,-120.04853309580918,Storm
1116,41.69769267943047,-91.51171617498368,29739.539188177212,1108.336002633506,97.27727949264136,-271.1142984129879,Storm
1117,41.69847876904379,-91.50852435587707,29757.853371221525,1098.8509826588017,161.1579980767949,211.35832463470888,Storm
1118,41.6976856902234,-91.5084908736379,29776.10121735205,1094.8707678316262,67.12187329056263,55.93294206443056,Storm
1119,41.698730963910535,-91.50478068638367,29794.354388437998,1095.1902651568544,156.92099925586092,-188.80189228277135,Storm
1120,41.69562491299421,-91.50937314833635,29812.580438961948,1093.5630314369087,-168.41233512366856,-156.29389805427712,Storm
1121,41.69863463188772,-91.50173407066937,29830.819815277006,1094.362578903534,117.83131148007612,-279.19783996411,Storm
1122,41.69793482854073,-91.50151403748339,29848.866239551797,1082.785456487407,33.12273403339586,297.262509714786,Storm
1123,41.699173668003226,-91.49741671867844,29866.86357748861,1079.8402762088226,142.27843753501577,12.86741342615369,Storm
1124,41.6961527296925,-91.50183895541994,29884.730014738638,1071.9862350016278,-174.54363628534307,198.82410863142587,Storm
1125,41.69844136251554,-91.4956420498939,29902.626952916748,1073.8162906864902,39.59140327088423,-231.0402017642599,Storm
1126,41.6965681600496,-91.49776881494581,29920.35958101328,1063.9576857918944,-162.4570860706575,245.77609166195543,Storm
1127,41.69901681438953,-91.491251866386,29937.98418184486,1057.476049894791,67.68010517523135,197.5720795900533,Storm
1128,41.700003211366386,-91.48765943255232,29955.552994189595,1054.128740684144,151.5915601129069,43.063411228993346,Storm
1129,41.69870436359975,-91.48863748820563,29973.083768239496,1051.846442994064,6.978540702016517,-41.743553807405874,Storm
1130,41.69804964697137,-91.48832728158244,29990.568387213178,1049.0771384209731,-73.22136488355228,-39.24242348477293,Storm
1131,41.700024661670604,-91.48275761230401,30007.972585276675,1044.251883809869,109.55186229206254,61.15405860907896,Storm
1132,41.700646518634976,-91.47989425849529,30025.336562126846,1041.8386110102847,157.0093159819384,-33.971991372487366,Storm
1133,41.69965206621751,-91.48026352345028,30042.614980503935,1036.705102625438,42.83583148750159,78.78453185519322,Storm
1134,41.69973777897933,-91.47847245804667,30059.803335069006,1031.3012739042263,36.67886492253021,121.58026385130978,Storm
1135,41.69846800663109,-91.4793923628632,30076.945160417963,1028.5095209373794,-105.02661265007748,7.418266527474373,Storm
1136,41.6980824543963,-91.47854382745282,30094.057570526773,1026.7446065286779,-158.31007887666092,-69.29320341311248,Storm
1137,41.69976350588703,-91.4735620845914,30111.07970058193,1021.3278033093219,-4.933172551494238,91.33455572728349,Storm
1138,41.701762244250354,-91.46794496798478,30128.035262927584,1017.3337407393735,180.2124210344814,60.3906399290135,Storm
1139,41.70108177813219,-91.46768626034115,30144.941880008748,1014.3970248697733,97.43756647062389,3.7596356971216665,Storm
1140,41.70079110102047,-91.46664797468463,30161.882253646763,1016.42241828091,53.64161255053253,-257.44067031973594,Storm
1141,41.69941953364581,-91.467771469554,30178.773566104526,1013.4787474657965,-98.24336766326121,-82.88814407691677,Storm
1142,41.700439223169944,-91.46411245062578,30195.69011890184,1014.993167838693,-11.002657997394579,-272.61075269856974,Storm
1143,41.69925662856761,-91.46485799995048,30212.566498761735,1012.582791593689,-143.99036097867292,-133.91141532521652,Storm
1144,41.70272994536847,-91.45629172646879,30229.399761912067,1009.9957890200291,188.61307636042028,-101.19179573816953,Storm
1145,41.700919261264794,-91.45829345479619,30246.218102860723,1009.100456919419,-7.183576755166996,-182.34137235696426,Storm
1146,41.70158149974412,-91.45534933795757,30262.995904415402,1006.6680932806797,44.31202843030729,-131.59007069041542,Storm
1147,41.70011363220105,-91.45666543316375,30279.688143887357,1001.5343683172467,-117.20296862462929,9.943577067587455,Storm
1148,41.699454967511414,-91.45636312266308,30296.40843797916,1003.2176455082611,-197.79768033583167,-295.4015804104648,Storm
1149,41.70045650197866,-91.45274041384863,30313.123913896026,1002.9285550119147,-112.3724763592569,-277.9671824995073,Storm
1150,41.70015961218625,-91.45171455355347,30329.77123438874,998.8392295628946,-156.78969834772346,-96.68361039674903,Storm
1151,41.703085134315515,-91.44424386941499,30346.316865122135,992.7378440036538,121.03427183192514,43.22918602158052,Storm
1152,41.7020727449285,-91.44464900830906,30362.82957537187,990.7626149840626,5.067090382566562,-123.906706075127,Storm
1153,41.70389637132988,-91.43938211562633,30379.275749945526,986.7704744192419,172.70148777312653,-61.790975257685005,Storm
1154,41.70066500994681,-91.44422519851253,30395.61646124009,980.4426776738352,-165.1628932816914,70.23990967068079,Storm
1155,41.70091927488101,-91.44209702876415,30411.918966559424,978.1503191599711,-154.46464260935943,-92.86611431898476,Storm
1156,41.70264085148945,-91.43703423566731,30428.06530398255,968.7802453874473,2.9647754871235463,224.53351481110553,Storm
1157,41.702732672483414,-91.43523095379943,30444.11922438938,963.2352244099027,-2.581367863952522,121.35525961899856,Storm
1158,41.70487703594553,-91.42932258699524,30460.191121635795,964.3138347849533,197.12673559962815,-221.106528061211,Storm
1159,41.70215197711909,-91.43315306476816,30476.199822359922,960.5220434475821,-90.1073897921922,-63.254354641412164,Storm
1160,41.70288764615864,-91.4300620868091,30492.15335198808,957.2117776893681,-31.268728584467453,-53.38735484067254,Storm
1161,41.70497805988218,-91.42426161948205,30507.991929097596,950.3146265709318,163.04440102262197,128.41958668011387,Storm
1162,41.70392651915579,-91.42474506105486,30523.81358638099,949.2994370036247,43.16208563628149,-114.37636928233076,Storm
1163,41.7049373422638,-91.42110377495891,30539.470135487943,939.392946417156,129.51615368851787,273.0363068909934,Storm
1164,41.70507425628459,-91.41921030703736,30555.187147593024,943.020726304815,128.47931302009061,-299.06093688511623,Storm
1165,41.704482351062595,-91.41877447760139,30570.907536550785,943.2233374656754,54.56054807336281,-269.31877113473956,Storm
1166,41.703114456890674,-91.41989062606528,30586.627144831436,943.1764968390655,-96.95711186651126,-264.285179791337,Storm
1167,41.70464649224861,-91.41520691546944,30602.216765575777,935.377244660438,41.51818117975509,111.95394809556404,Storm
1168,41.70283654341655,-91.41720717325359,30617.768282034966,933.0909875512557,-154.20494477363795,-69.69667017301231,Storm
1169,41.70435082132759,-91.41255897755157,30633.27144515208,930.189787026936,-17.505396417783203,-78.56818694345006,Storm
1170,41.70315725772118,-91.41332646488442,30648.715421853078,926.6386020598559,-151.5899998059228,-48.63132588751475,Storm
1171,41.70582515233795,-91.40637103577092,30664.17241641909,927.419673960665,100.47121912336723,-257.3954012800467,Storm
1172,41.703288442630516,-91.40982481530583,30679.56659435735,923.6506762956903,-167.92799436723863,-87.13722489840947,Storm
1173,41.70688190784814,-91.40101824499061,30694.847470345856,916.8525593102959,176.69028464757002,101.14358803374842,Storm
1174,41.705976967255836,-91.40120848629526,30710.093923779157,914.7872059980651,71.4679826690259,-82.84800549728101,Storm
1175,41.70578421302145,-91.39997435488408,30725.36273669072,916.1287746936982,37.46431648341536,-293.921289583354,Storm
1176,41.706101236469735,-91.39772066810755,30740.453344443224,905.4364651502564,54.43841856381687,247.97216854574208,Storm
1177,41.70615442858495,-91.39599464399716,30755.420035069037,898.0014375487211,45.02938733792769,224.21915607980702,Storm
1178,41.70674730936091,-91.39318924256528,30770.417783583183,899.8649108486906,89.5892221864375,-227.66495015778585,Storm
1179,41.707608512795666,-91.3898471958158,30785.42080119179,900.1810565165074,160.98132291433672,-260.13369338653507,Storm
1180,41.70628185188419,-91.39088087775879,30800.407361972568,899.193646846616,13.586989019105516,-214.7177257239254,Storm
1181,41.7043400908644,-91.39314475991843,30815.321835456565,894.8684090397752,-195.31735570763837,-46.77944392341661,Storm
1182,41.70562070967957,-91.38896388240812,30830.164418879132,890.5550053540873,-81.98371693833751,-8.399703721438186,Storm
1183,41.706896628823365,-91.38479240424057,30845.027921149256,891.8101362074108,30.87995469382031,-273.75655661463156,Storm
1184,41.705227124884395,-91.38651177223855,30859.78603264225,885.4866895794856,-150.79868195050176,35.185437870255214,Storm
1185,41.70625506354407,-91.38283625503924,30874.429746064678,878.6228053457666,-62.733058730936705,137.5040925296688,Storm
1186,41.70763884315322,-91.37844905594098,30888.947850967037,871.0862941416204,60.91665943677589,207.36261779394408,Storm
1187,41.707946930293005,-91.37621324178146,30903.434324802332,869.1884301177028,76.9971306676901,-42.041353565911095,Storm
1188,41.70801610790338,-91.37445524668074,30917.90212015418,868.0677211107794,69.18664895777295,-134.7712954467489,Storm
1189,41.70669677783639,-91.37547426693475,30932.239971674466,860.2710912172063,-77.47460048871493,173.391095952476,Storm
1190,41.70740448433436,-91.37243921405886,30946.473125228877,853.9892132645468,-21.432193439367126,179.0282043110115,Storm
1191,41.70905577819091,-91.3675169864658,30960.594707534725,847.2949383508121,128.96894946731135,214.53740259677022,Storm
1192,41.70957991206707,-91.36484907883352,30974.69756867801,846.1716685971957,166.6540943364829,-41.40886769202223,Storm
1193,41.70733612082447,-91.36771702143876,30988.732141046945,842.0743421361012,-72.45327267154447,49.3192479564683,Storm
1194,41.707692625672415,-91.36538437186292,31002.702423200433,838.2169292092093,-51.53103062494898,60.64450008013978,Storm
1195,41.709177561856706,-91.36079485961436,31016.593126079617,833.4421727510666,82.23434505752982,113.04301109528211,Storm
1196,41.70800071238169,-91.36152891868443,31030.51471934172,835.2955957261868,-50.17884519195147,-199.8838789807483,Storm
1197,41.708371900614935,-91.35916690233799,31044.44500869073,835.8173609406699,-27.788264615116987,-214.44351355085476,Storm
1198,41.7103574538293,-91.35357615602929,31058.337955810497,833.5768271859108,156.03881407352333,-92.47352355728555,Storm
1199,41.707562187104934,-91.35754704959807,31072.265063055773,835.6264347164928,-138.21610111067048,-284.73134405654946,Storm
1200,41.709674920088666,-91.35170194375065,31086.084773344366,829.1826173156168,58.328954514593704,82.14139047284596,Storm
1201,41.70860132963731,-91.35222948477339,31099.939496604555,831.2833956114227,-63.758333367483345,-256.9728666914094,Storm
1202,41.70902471097805,-91.34976308221195,31113.752226133158,828.7637717162689,-36.1484420419072,-113.26950296196387,Storm
1203,41.710241960384884,-91.34570894351833,31127.473308707114,823.2649544374423,70.84825589400373,63.46754967161422,Storm
1204,41.70913913516621,-91.34629495407572,31141.195783046456,823.3484603604638,-54.16250872098399,-169.26446744700593,Storm
1205,41.71178018654552,-91.33939321143714,31154.85314110948,819.4414837813847,195.21438646223675,-27.599027282331065,Storm
1206,41.71072842205149,-91.33987710054524,31168.519088670626,819.9568536688005,75.30969431209485,-215.66821945298352,Storm
1207,41.71006496633448,-91.3395843720993,31182.19935904813,820.8162226500764,-5.7641201362408765,-283.4779680783207,Storm
1208,41.710291710434966,-91.33751124401836,31195.697340602364,809.8788932540645,2.182047164179977,278.4104442706214,Storm
1209,41.70995399924274,-91.33656702652286,31209.246492636434,812.9491220440681,-46.3173148056799,-276.60239245505306,Storm
1210,41.708688277981956,-91.33747882916447,31222.732305988116,809.1488011010407,-187.61768363226258,-67.2079440318783,Storm
1211,41.70935183699161,-91.3345320712652,31236.243142320312,810.6501799316751,-135.99002541472237,-285.98874220308846,Storm
1212,41.71188387412902,-91.32784835711041,31249.671775667633,805.7180008392922,102.48544558007075,-24.886194670865564,Storm
1213,41.71016328118859,-91.32966990311131,31262.95030158185,796.7115548531963,-84.30209121093819,240.0499098098884,Storm
1214,41.70961814036898,-91.32914054487057,31276.093693002313,788.6034852277497,-153.54441591978974,273.5512973731916,Storm
1215,41.710556733825165,-91.32564371807825,31289.12500125027,781.8784948775996,-74.41331304905887,233.04220338520872,Storm
1216,41.71185992088905,-91.32141770407053,31302.059364092456,776.0617705310384,41.177150591784624,196.02441584489247,Storm
1217,41.71353148446345,-91.31645493704175,31315.00628699281,776.8153740212618,193.6052652841857,-126.95673730875257,Storm
1218,41.71358725617971,-91.31472375372928,31327.919564428277,774.7966461280105,184.4541941630372,-66.3108630585478,Storm
1219,41.7114320442845,-91.31741453763973,31340.81230875484,773.5646595938871,-45.79523810523108,-95.76773744729658,Storm
1220,41.712202909522425,-91.31425316728392,31353.718010545526,774.3421074410613,16.56304293903409,-207.51297409290774,Storm
1221,41.71239940746194,-91.31224053152495,31366.547229182604,769.7531182245937,21.484594143204475,25.022887446002414,Storm
1222,41.713379451198406,-91.30866080417205,31379.259780653134,762.7530882316892,104.76072504194798,200.18997716255132,Storm
1223,41.71224089177671,-91.30931828313547,31391.979557243023,763.186595393254,-23.82345987503038,-118.60005038910376,Storm
1224,41.711663748392205,-91.30885293002453,31404.70287773465,763.3992294975309,-96.26604107316221,-183.22569797707683,Storm
1225,41.711004281559205,-91.30855222381057,31417.39219228922,761.3588732740826,-176.94096712039004,-94.53121269917199,Storm
1226,41.71200196442641,-91.30493721819619,31429.92795891582,752.1459975961167,-91.9009231476867,279.8504315198444,Storm
1227,41.71329909139036,-91.30072332438834,31442.46791565977,752.3974046369812,23.08353050001756,-91.63377658169546,Storm
1228,41.713537408916814,-91.29862704945548,31455.025233497538,753.4390702660154,32.1870403974784,-216.48197919258268,Storm
1229,41.71313899593712,-91.29780423553488,31467.489443028597,747.8525718635993,-22.382500319118833,75.74059285263831,Storm
1230,41.71346569469496,-91.29553119813926,31479.929047944453,746.3762949514883,-4.4408672830194575,-58.93271960740546,Storm
1231,41.71563277935086,-91.28957738894749,31492.238015613526,738.5380601443778,197.53935555987925,228.18885728935618,Storm
1232,41.71429829205538,-91.29062672365849,31504.504852251983,736.0101983073049,49.36238326377605,41.626416709369664,Storm
1233,41.71443459256952,-91.28873448275027,31516.7908355492,737.1589978331033,48.26419192983363,-179.21273530654005,Storm
1234,41.713679784050754,-91.28862445990784,31529.108804138676,739.078115368562,-41.94490269427257,-276.3242802654604,Storm
1235,41.71414869965511,-91.28606698881914,31541.34572515984,734.2152612699465,-9.781585005269335,25.814750374597907,Storm
1236,41.713304796877054,-91.28613515449531,31553.440766391795,725.7024739172209,-108.90010555871616,278.4173082993083,Storm
1237,41.71617889880387,-91.27876731076172,31565.467279624867,721.590793984373,163.78184437489682,133.28594127354353,Storm
1238,41.71482190930266,-91.27986164988418,31577.388303988002,715.2614617880149,13.354651506145046,221.98149578861103,Storm
1239,41.71335825459037,-91.28116931942881,31589.230911593593,710.556456335569,-147.73906247061484,174.305876564931,Storm
1240,41.71348221089841,-91.27930176693275,31600.99430443307,705.8035703684704,-150.07167441326067,176.52639752964325,Storm
1241,41.71423328034303,-91.27617998816355,31612.66526011498,700.2573409146062,-89.69297269945721,226.25434861091333,Storm
1242,41.7170536608728,-91.26891958722406,31624.397041638622,703.9068914184526,177.61683753015916,-210.72241835693063,Storm
1243,41.71527547734524,-91.27085631439923,31635.98608034031,695.3423221012839,-14.929757973842584,288.59242689761106,Storm
1244,41.715505687096346,-91.26877625501704,31647.497490379148,690.6846023303453,-6.637025610741347,218.1285135087271,Storm
1245,41.71607426586846,-91.26601945759288,31659.02736344276,691.7923838166956,35.49260885252795,-74.80205524823887,Storm
1246,41.7150097564295,-91.26652883659081,31670.586039284262,693.5205504899953,-85.68657778965192,-178.06614534834762,Storm
1247,41.71706109740039,-91.26080651476907,31682.124581691856,692.3125444556118,104.7192765510789,-68.07569590618328,Storm
1248,41.71620628891116,-91.26089649186758,31693.627701439837,690.1871848788239,4.510184880300471,-4.604711999290828,Storm
1249,41.71661758560676,-91.25845425859642,31705.024748269687,683.822809790997,30.911611693252496,219.34628737473133,Storm
1250,41.71837870929164,-91.2533123713467,31716.42770452793,684.1773754946959,192.29573743337176,-55.44947485570984,Storm
1251,41.71791311003321,-91.25262392998361,31727.743347843305,678.9385989223608,131.0075688425212,158.71667679283058,Storm
1252,41.71704443257808,-91.2527416450139,31738.951625440866,672.4966558536457,29.411580582229305,273.6282861671599,Storm
1253,41.715699497261845,-91.2538118757664,31750.235162222347,677.0122068888631,-119.81019378863888,-234.44147381422715,Storm
1254,41.71846072949503,-91.24666977142009,31761.485075054017,674.9947699002087,141.58478678216886,-36.51011001975104,Storm
1255,41.71858003947152,-91.24481151158714,31772.623463463242,668.303304553577,138.7875416828242,235.85412311724895,Storm
1256,41.71558927685664,-91.24917339693694,31783.676369305856,663.1743505568784,-175.0169625523714,230.07885779163644,Storm
1257,41.71728000513111,-91.24417230050804,31794.721910881577,662.7324945431797,-20.672377852231136,6.259493402539306,Storm
1258,41.71814038138148,-91.24083190812733,31805.659621030445,656.2626089321662,50.637004437284105,255.829564038052,Storm
1259,41.715857758142306,-91.24377751472572,31816.60176256506,656.5284920768488,-192.35356222809438,-13.89391900930974,Storm
1260,41.718679464361784,-91.23651446240682,31827.47790851131,652.5687567751055,75.08881697222427,133.62417461893705,Storm
1261,41.71884598834569,-91.23456177455904,31838.41793151562,656.4013802587094,77.01297261484319,-219.3389223551269,Storm
1262,41.71742072340051,-91.23579266456944,31849.345412863076,655.6488808473208,-80.24176465132751,-84.77068474979191,Storm
1263,41.71958817230521,-91.22983812688008,31860.283405073747,656.2795326403623,121.77488307180198,-132.7440765512682,Storm
1264,41.717360525757435,-91.23267378009567,31871.08921392449,648.3485310444484,-115.71801445311874,274.4688114228577,Storm
1265,41.7167004414699,-91.23237430879078,31881.789614305828,642.0240228802054,-196.45468595461244,298.692513409187,Storm
1266,41.71951955595235,-91.22511643994592,31892.425677707153,638.1638040796178,70.72851954295822,197.08157966947022,Storm
1267,41.71813803076978,-91.2262598504311,31903.155775834537,643.8058876430017,-82.15224146152273,-291.410833399764,Storm
1268,41.720058313686124,-91.22079964471845,31913.77298625667,637.0326253280923,95.14780742461204,200.48675820040546,Storm
1269,41.72021602256716,-91.21886458707642,31924.454568294423,640.8949222652412,96.19045278140766,-214.28982761949686,Storm
1270,41.72041511215585,-91.21684676801908,31935.03965323388,635.1050963673905,101.37116890278764,161.3536692645846,Storm
1271,41.72018284495698,-91.21569166253686,31945.55874885638,631.1457373500107,63.41620626802194,159.66955967735174,Storm
1272,41.72107965108049,-91.2122784104099,31956.04472370414,629.1584908656777,138.36857587109284,68.16246854247504,Storm
1273,41.71819766660513,-91.21642273948065,31966.516528175405,628.3082682759295,-164.55811441212836,-7.423314199673484,Storm
1274,41.71830112751541,-91.21459617778011,31976.983482267337,628.0172455159758,-168.940266131358,-55.474181380541495,Storm
1275,41.7197662385607,-91.21004631580958,31987.508286392116,631.4882474868475,-37.15740434974896,-260.39409351585505,Storm
1276,41.719680377167556,-91.2085983987159,31998.06084309761,633.1534023295676,-60.471786412208274,-233.4011407252111,Storm
1277,41.72166531829919,-91.20300887657268,32008.470577856817,624.5840855523439,123.29408400368885,268.61281557868244,Storm
1278,41.71886892578766,-91.20698202171579,32018.778132178453,618.4532592982248,-171.07340989682456,273.0691243750208,Storm
1279,41.720817248711455,-91.20146573598824,32029.120345621526,620.5328065842787,9.03063973469807,-120.26059322767566,Storm
1280,41.719181673042684,-91.2031172474458,32039.425251522927,618.2943540840639,-169.25516988953459,0.37456084225067343,Storm
1281,41.72219956934702,-91.19546181495718,32049.65983890002,614.075242625535,117.80621779629945,124.25188636001889,Storm
1282,41.71936969364239,-91.19950192648648,32059.962104116097,618.1359129646088,-179.9095954144105,-256.2588987792579,Storm
1283,41.72092756515454,-91.19476654358222,32070.254036044047,617.5159156770259,-38.85068694694516,-122.82570357123404,Storm
1284,41.720392891743714,-91.19421625052392,32080.545470266003,617.4860533172578,-107.04627077758087,-131.39730065477184,Storm
1285,41.72282456785215,-91.18773325842709,32090.703486098413,609.4809499445319,121.39309731875386,257.53683217911237,Storm
1286,41.72137833008454,-91.18900609408233,32100.766609455266,603.7874014111915,-37.95892218897342,243.6666012794982,Storm
1287,41.7211911845389,-91.18776074529366,32110.824764682307,603.489313622577,-71.40171950084721,-14.13780819372505,Storm
1288,41.720956600152654,-91.1866102741862,32120.82567261461,600.0544759380607,-109.58840087360011,84.28562530550636,Storm
1289,41.72411569104956,-91.17867245251242,32130.785208094912,597.5721288181544,191.59244606992354,62.09585762602717,Storm
1290,41.7217783053528,-91.18172758402598,32140.693683613576,594.50853111988,-56.874366354580445,88.690467594317,Storm
1291,41.720986014157674,-91.18169252653627,32150.506149758534,588.7479686975902,-150.83172861384497,233.19544815923916,Storm
1292,41.72265394967441,-91.17673701562283,32160.325172555687,589.1413678292279,1.2335803119345314,-30.390154776214786,Storm
1293,41.72313235545258,-91.17416056418654,32170.09494943199,586.1866125782324,34.34591538140768,74.87031767364147,Storm
1294,41.72122328195115,-91.17635907130945,32179.812268763482,583.0391598895704,-171.28967750939478,109.57033273404141,Storm
1295,41.72205118787498,-91.17308361958182,32189.474785617844,579.7510112617202,-103.22732787378817,128.37157950395385,Storm
1296,41.72452088275873,-91.16652458993435,32199.067563417026,575.5666679508653,129.0139177536787,182.3751045315122,Storm
1297,41.7235880298783,-91.16677065581526,32208.65398581868,575.185344099324,21.00038696315565,12.101935386450691,Storm
1298,41.7220968122815,-91.1681334511289,32218.16961850277,570.9379610453807,-142.8496154642353,165.20769024188138,Storm
1299,41.72275822838541,-91.16519097904111,32227.683529059803,570.8346334221218,-91.43624782131425,-1.982746309232084,Storm
1300,41.72295696966281,-91.16317385660636,32237.254745714803,574.2729992999339,-86.29036282899332,-219.70298220018412,Storm
1301,41.724485386506146,-91.15849738303973,32246.877512418323,577.3660022112067,51.82307875669463,-267.4007791062577,Storm
1302,41.72510901908256,-91.15563047800694,32256.489304853476,576.7075461092445,99.45809365048001,-109.44792284332999,Storm
1303,41.72226225934554,-91.15970435760102,32266.060260270326,574.2573250108886,-199.94612279820586,6.677483542337882,Storm
1304,41.72259641063511,-91.15741641514191,32275.645829708064,575.1341662643435,-181.25923658895874,-134.29826530746033,Storm
1305,41.7253841913783,-91.15022121377557,32285.27558452289,577.7852888894238,82.79059498228645,-262.3862270268805,Storm
1306,41.72606092182538,-91.14724811300147,32294.946653746665,580.2641534266338,135.73539694240094,-297.7080464048501,Storm
1307,41.72383814576024,-91.15007402525178,32304.503378905934,573.403509556217,-101.2704523192391,144.54243369124288,Storm
1308,41.72426321330982,-91.14760425027265,32314.10965238771,576.3764089065604,-73.49194010827729,-238.86456716039189,Storm
1309,41.72458635081358,-91.14533833538518,32323.699684703653,575.4019389566492,-55.90643247982885,-137.76402816928467,Storm
1310,41.726663545174496,-91.13956430678338,32333.27036799752,574.2409976318962,137.08476086422195,-111.99124944891412,Storm
1311,41.726595709880435,-91.13808033749154,32342.7067126386,566.1806784646842,115.57298871040291,235.12328688644084,Storm
1312,41.72532253209911,-91.13900705317424,32352.036485085733,559.7863468280207,-26.473032169388176,245.96588631263523,Storm
1313,41.72524381706414,-91.13754484336422,32361.255626065366,553.148458777988,-49.07277841472285,278.4470498940649,Storm
1314,41.72423898537386,-91.13793486686481,32370.42811227364,550.349172496322,-164.2841901897708,112.21155990194563,Storm
1315,41.72600436586506,-91.13278446600246,32379.604024932465,550.554759529545,-2.474383817228528,-67.41071672661175,Storm
1316,41.726707239645705,-91.12975907856121,32388.70542631165,546.0840827511082,53.08475149944036,122.31425498059872,Storm
1317,41.72434112763679,-91.13287166269907,32397.855884372642,549.0274836594724,-198.25469213987637,-199.82814675168078,Storm
1318,41.7273231411882,-91.1252879957163,32406.927668563218,544.3070514345632,85.21842025372746,99.83124814692388,Storm
1319,41.728482429433654,-91.12134977934544,32415.925705713144,539.8822289956026,186.4190020514709,156.62267415046978,Storm
1320,41.72856861267154,-91.1195577729897,32424.868986578378,536.5968519141287,180.30908309253522,121.52430092088417,Storm
1321,41.72610501310265,-91.12286533224753,32433.876605661528,540.4571449889567,-80.77911654422275,-236.78104664948611,Storm
1322,41.728187382148946,-91.11708095427497,32442.80936570117,535.9656023786141,112.72954533797423,86.48953288554952,Storm
1323,41.72540011317262,-91.12103585234766,32451.74924946513,536.3930258376781,-180.7255950426815,-83.969720459413,Storm
1324,41.72918185081246,-91.11185273718803,32460.65386852536,534.2771436138058,182.71992619371446,0.24068742612075766,Storm
1325,41.72723285052207,-91.11413109788883,32469.53782617936,533.0374592398476,-26.90834559211814,-25.38023690442361,Storm
1326,41.72648474730149,-91.11400766445003,32478.416498086914,532.7203144531788,-116.44691039793452,-78.77569748112288,Storm
1327,41.727275751856894,-91.11080601545927,32487.347650547043,535.8691476077296,-52.07469760512936,-268.58698788751656,Storm
1328,41.72901405177449,-91.10570977574412,32496.239216007813,533.4939276461214,107.02705140716728,-50.097340857672606,Storm
1329,41.72937978323517,-91.1033586729428,32505.019790246806,526.8344543395941,128.8719547265693,210.20880067193724,Storm
1330,41.72708632233417,-91.10632595486484,32513.751871121276,523.924852468168,-115.20237812053678,94.41208930207716,Storm
1331,41.7282747557595,-91.10232944813421,32522.384732346465,517.9716735114267,-11.087278334807309,228.09404275289103,Storm
1332,41.72739587368703,-91.10246757239919,32530.973396850386,515.3198702353594,-113.70372832941835,106.68792018602653,Storm
1333,41.72911120188681,-91.09741727611969,32539.587521609697,516.8474855587909,43.10084890108902,-122.81911345690034,Storm
1334,41.72737387943988,-91.09927228113358,32548.136202881193,512.9208762897404,-145.35963853953095,90.98385628636595,Storm
1335,41.72992914808528,-91.09254210396281,32556.703856873115,514.0592395153614,95.4389832529323,-110.62359374198999,Storm
1336,41.72970137109632,-91.0913780180608,32565.257338585812,513.2089027618889,57.93304160892552,-62.92145543309803,Storm
1337,41.73012215064083,-91.08891681909179,32573.837865087084,514.831590076253,85.28275331304707,-180.47083506356813,Storm
1338,41.73097746554572,-91.08558654940205,32582.41550736083,514.6585364249131,156.08600105446976,-127.55424212065216,Storm
1339,41.72903503191368,-91.08785177678618,32591.037600268006,517.325574430605,-52.885604897538826,-265.1448287517901,Storm
1340,41.72815721923942,-91.08798776225474,32599.597558873884,513.5975163526848,-155.39511507148944,9.517141627396882,Storm
1341,41.72892882352452,-91.08482491380458,32608.052462542644,507.2942201256676,-92.9629293088114,201.28813544531664,Storm
1342,41.7280645087997,-91.08493390337426,32616.512530000276,507.6040474579749,-194.12264453801845,-72.54357079683828,Storm
1343,41.72950239985963,-91.08043848137443,32625.0287896179,510.9755770573034,-65.06178129236292,-288.4034214494394,Storm
1344,41.72879777369604,-91.08022809382166,32633.501217608493,508.34567943554083,-150.2526403997959,-51.81439504881885,Storm
1345,41.7304190408653,-91.07536591960319,32641.948707297488,506.8493813397456,-2.8541662210213588,-57.42615164707854,Storm
1346,41.730718615668636,-91.07314713011655,32650.332460245016,503.0251768515937,12.375071364837538,57.079004943408904,Storm
1347,41.728781842666976,-91.07540103623991,32658.68918495225,501.4034824340874,-196.03047154886576,-21.542904327897645,Storm
1348,41.73274342677348,-91.06585822814694,32667.002588135623,498.80419100242926,185.3996963550353,11.419368077729246,Storm
1349,41.731746881307245,-91.06623167919945,32675.3175526669,498.8978718766398,71.0169069835813,-112.88168524987009,Storm
1350,41.7322799601775,-91.06354588157897,32683.531237948602,492.8211169022003,109.59655126110499,163.75288912566907,Storm
1351,41.73141646128298,-91.06365323948806,32691.62738659325,485.7689186788719,8.518419061655578,285.6082939675282,Storm
1352,41.72998076037889,-91.06490500141628,32699.813187319945,491.1480436016867,-149.77991409493865,-289.83140106625143,Storm
1353,41.73270647479435,-91.0578339327054,32707.882874884293,484.1812538608822,108.06328470283842,184.2933224189295,Storm
1354,41.730253953291275,-91.06111933583159,32715.983517019256,486.03852809777794,-151.9171083517695,-140.65030022483634,Storm
1355,41.72999061625573,-91.06002637002271,32724.08326706057,485.98500247884164,-192.97905465334844,-124.0148335316612,Storm
1356,41.73316025672542,-91.05206744920338,32732.13621514958,483.1768853407223,109.2567495674686,10.776316627547374,Storm
1357,41.7316073540299,-91.05355361471447,32740.18219143302,482.7585770063494,-60.76176273268476,-76.95642305620183,Storm
1358,41.73036766858756,-91.05441334571918,32748.2281474306,482.7573598547718,-199.45854971381274,-120.11968346085845,Storm
1359,41.73309537147872,-91.0473383000569,32756.134182844333,474.36212482387043,58.58349665517221,284.5166662898142,Storm
1360,41.73404506224758,-91.04381927863922,32764.126488025337,479.5383108602095,138.8243307935598,-285.8430212126825,Storm
1361,41.73439834378582,-91.04149307568278,32772.00607969063,472.77549991782917,159.4242418699357,169.91904797917556,Storm
1362,41.734072888288885,-91.04052434679669,32779.87530588007,472.15357136656536,112.15044942839216,-25.202544597857127,Storm
1363,41.7326906873939,-91.04166910870671,32787.750905962304,472.53600493401143,-40.79788281819887,-118.25056270008443,Storm
1364,41.73150872808537,-91.0424133874438,32795.63900231282,473.28578103084,-173.7220564182537,-163.05878190378053,Storm
1365,41.73237964561694,-91.0390519125007,32803.48233534885,470.59998216182805,-101.35854600879016,-9.553758173879032,Storm
1366,41.73453029113089,-91.03313098159285,32811.294684680804,468.7409599176853,98.97776263867758,-15.714102961232015,Storm
1367,41.731919173729764,-91.03673357651513,32818.97924109328,461.0733847483464,-176.86222022113577,274.6738805929223,Storm
1368,41.735605975635835,-91.02774033282303,32826.59806657478,457.12952888992714,177.0897276376449,171.11372588904504,Storm
1369,41.73594767239319,-91.02543729942838,32834.195629726804,455.8537891215635,196.53116062568824,26.68939968015775,Storm
1370,41.73598071661542,-91.02375157110394,32841.855754106386,459.6074627749211,185.10734010128243,-254.63697562994952,Storm
1371,41.73373964863492,-91.02661406718497,32849.52267760757,460.0154100711059,-53.72770069545146,-164.7712391959405,Storm
1372,41.73320754040589,-91.02605864376308,32857.21671804734,461.64242638619567,-121.666766346292,-215.51823066439437,Storm
1373,41.7350611450631,-91.0207317945687,32864.80216560456,455.1268534331583,48.96545662639866,168.79311344838305,Storm
1374,41.735031966521994,-91.01917051177095,32872.43818474885,458.1611486573388,31.319359768144267,-211.8223742470742,Storm
1375,41.73611055043152,-91.01539370407195,32879.995517344665,453.43995574923997,124.44950797338834,81.5728242982371,Storm
1376,41.73456600060376,-91.01686316384749,32887.4903728352,449.69132943216306,-44.7337175492018,104.47817732163776,Storm
1377,41.734200240123705,-91.01597504492764,32894.99306956683,450.16180389762064,-96.03800830286686,-92.8846749034737,Storm
1378,41.73697784600674,-91.00880019328163,32902.49875901546,450.34136691814433,166.99433725279607,-125.69729659714775,Storm
1379,41.73533513813432,-91.01046596914651,32909.88308521259,443.0595718275101,-12.004692736825348,234.08468243760876,Storm
1380,41.73643335289024,-91.0066498997547,32917.343369203074,447.61703942889335,83.088540107011,-262.6780643011783,Storm
1381,41.73433896209376,-91.00921904146772,32924.849294701155,450.35552988490304,-141.07878228841187,-295.2950455368499,Storm
1382,41.73642071950503,-91.0034358867652,32932.30506493099,447.3462137898276,52.36871609166536,-31.395944753749006,Storm
1383,41.734581414175196,-91.0054948575449,32939.628248586574,439.39101933512995,-146.2900596390898,274.76047263406224,Storm
1384,41.73631023609485,-91.00041757382564,32946.9911271772,441.7727154374936,11.86388957824795,-154.8640235322665,Storm
1385,41.73634129391116,-90.99873581831307,32954.27237198664,436.8746885663461,0.24142846188303224,107.77219964106467,Storm
1386,41.73479111892591,-91.0002165284036,32961.57506987944,438.1618735680039,-169.50431281057422,-135.17771097126482,Storm
1387,41.73786130644503,-90.99245651348541,32968.84236692085,436.03782248420424,122.78619635359746,-24.201077758403244,Storm
1388,41.7369670354771,-90.9926254155413,32976.087927809,434.7336532890214,18.630856812917955,-40.310398674318435,Storm
1389,41.735103609107014,-90.99473262840151,32983.36390002541,436.55833298486397,-182.44002294279795,-200.55013210790645,Storm
1390,41.73685745831889,-90.98960529009781,32990.646538591136,436.9583139434759,-21.783344503243654,-174.48872075524332,Storm
1391,41.735422490306036,-90.99085558624355,32997.808212304546,429.70042280463394,-180.0083885361285,206.18979843109423,Storm
1392,41.739294626735536,-90.98149167350459,33004.89217656445,425.0378555943003,192.47701166564633,175.88572439804364,Storm
1393,41.73893227873317,-90.98059672962937,33012.01097712776,427.1280337984732,141.5139686818668,-154.81372180977277,Storm
1394,41.73950692937588,-90.97782778846398,33019.14689007639,428.1547769176178,184.25079020527988,-181.84457732794297,Storm
1395,41.73961742314275,-90.97598716105028,33026.13526159363,419.30229103428843,180.57192414473292,296.89157637957067,Storm
1396,41.73880587755176,-90.9759906123523,33033.02069212036,413.12583160399487,84.68912229841948,288.6862390750931,Storm
1397,41.73838442787452,-90.97521387182682,33039.95336105099,415.96013583782997,27.81591182684147,-144.2749300943458,Storm
1398,41.73800153472639,-90.97436001824312,33046.83196954388,412.71650957334236,-25.20164573375166,56.13656122727156,Storm
1399,41.73669315985931,-90.97535712809733,33053.66661604271,410.07878993030357,-170.767375189194,73.40595877034764,Storm
1400,41.74047282738573,-90.96617815316452,33060.54659628156,412.79881433087724,192.4711347049178,-185.93541012976343,Storm
1401,41.73986577893131,-90.9657726101934,33067.30559822418,405.5401165570723,117.0380465153533,244.73927626777163,Storm
1402,41.74061748726491,-90.96264955364623,33073.9697700826,399.8503115053548,177.48063712808835,276.08136264326833,Storm
1403,41.739075801876,-90.96411328454411,33080.54358248478,394.4287441308462,8.583855488588767,286.3847447949022,Storm
1404,41.740166486577124,-90.9603122752619,33087.196331381034,399.16493377534937,102.92408285377553,-202.99713825782288,Storm
1405,41.73919212860193,-90.96064135133231,33093.775965116336,394.7780241181445,-9.239957412812004,130.99870522320236,Storm
1406,41.73842117186681,-90.9605636249226,33100.324392796836,392.9056608301966,-101.06387367236667,84.3691101293324,Storm
1407,41.740245494947196,-90.95529533888187,33106.934841188224,396.62690348312407,66.64019161864769,-202.38015371486046,Storm
1408,41.7399867167083,-90.9541932554797,33113.459679661646,391.4903084052943,26.034124981102508,162.97614658716464,Storm
1409,41.73986924054411,-90.95280856792813,33120.08028460647,397.236296689426,-0.44173418562323263,-292.7381299343355,Storm
1410,41.738057094189756,-90.95481322075686,33126.68785662869,396.45432133341166,-196.38461236828311,-85.78239361799268,Storm
1411,41.74187299901464,-90.94556177122713,33133.32114477374,397.99728870287555,170.4776273727128,-162.79393223783472,Storm
1412,41.74085295992388,-90.94598220952871,33139.97250723975,399.08174796041425,53.74547554867485,-166.75447758400765,Storm
1413,41.7397494675545,-90.9465695543875,33146.51326589929,392.4455195723272,-71.33200413618056,208.8252537608904,Storm
1414,41.741525515792425,-90.94139781803169,33153.12609943937,396.7700124047993,91.54457690797875,-242.76043361207363,Storm
1415,41.740472160534765,-90.94188488866706,33159.78661383252,399.63086358903377,-28.519191605426556,-282.4981418128413,Storm
1416,41.7408281954647,-90.93955317892721,33166.359913264445,394.39796591535395,-7.643941358796411,97.46040702064084,Storm
1417,41.73952592780016,-90.94053807437633,33172.951268251,395.4812991933394,-152.59895056073938,-126.66903665450059,Storm
1418,41.74079054623525,-90.9363891976262,33179.416404269396,387.9081611034194,-40.86534979913722,251.71861479362985,Storm
1419,41.74331950222241,-90.92971164577192,33185.96385300396,392.8469240739891,197.30200616918563,-273.05322060263046,Storm
1420,41.74253779628218,-90.92965541777242,33192.48493062106,391.26465702582965,104.40316939815682,-76.96556015859406,Storm
1421,41.741210879760594,-90.93068961093564,33198.91657394344,385.89859934255935,-43.016725508208,152.5589840082136,Storm
1422,41.74346203517173,-90.9245676602334,33205.24019748412,379.41741244077235,167.37057285816348,270.55715670152904,Storm
1423,41.74224410221478,-90.92538388626734,33211.58939175923,380.951656506802,30.849034415328305,-85.72730441969833,Storm
1424,41.74323309064154,-90.92178626953387,33217.957887944634,382.1097711241833,115.01963434351171,-149.39917004261986,Storm
1425,41.74248647284091,-90.92165986525517,33224.31668212837,381.5276510239239,25.629611533407115,-84.8529230850761,Storm
1426,41.743003983447885,-90.91900520416125,33230.69279443177,382.5667382041588,62.652429483150456,-155.76065226389585,Storm
1427,41.74129111336347,-90.92081130445013,33236.942842737415,375.00289833854333,-123.3628217060697,250.9434520052622,Storm
1428,41.7410792387398,-90.9196154138175,33243.184823732576,374.51885970964054,-159.27852682018525,3.574744640959011,Storm
1429,41.74170271756733,-90.91674881628248,33249.49463315337,378.5885652478232,-111.65888681479643,-276.64202200459954,Storm
1430,41.74111066413612,-90.91631328326494,33255.81921810848,379.47509730657185,-185.59247268342943,-194.8669367365036,Storm
1431,41.74458095270845,-90.90775306624032,33262.13970929211,379.2294710178196,146.70814180240012,-130.512753613784,Storm
1432,41.745062990400214,-90.90516935097683,33268.39921058365,375.5700774926603,180.18366823011831,48.97337579351614,Storm
1433,41.74315489290446,-90.90736590608839,33274.61320847375,372.8398734058835,-25.354324092493556,48.053300801672776,Storm
1434,41.74362251211376,-90.90481102778982,33280.74789037982,368.0809143643913,6.679354090507104,155.26575225439507,Storm
1435,41.74283298526422,-90.90477044160893,33286.896263622344,368.9023945513526,-87.0015736108591,-88.16976503981857,Storm
1436,41.745426660637946,-90.89796345098154,33292.92068215665,361.46511205835264,157.63772101330028,267.87390789024323,Storm
1437,41.74556779876524,-90.896061534847,33298.958602060135,362.27519420911403,157.0232909945898,-48.33120362561186,Storm
1438,41.745266310294795,-90.89504487190791,33304.974874322565,360.97633574569323,112.14620120275265,-14.198560019340732,Storm
1439,41.74428229011882,-90.8953932723799,33311.02623449355,363.0816102590622,-0.9840591415591291,-177.19193456562962,Storm
1440,41.74480393435075,-90.89273034403608,33317.101102122455,364.4920577344538,36.452121303406585,-188.31846134799125,Storm
1441,41.743912954361456,-90.8928926641347,33323.06145445156,357.62113974639146,-67.37412037312248,213.01812097196114,Storm
1442,41.74356228122951,-90.89197437051865,33329.098401067364,362.2167969479454,-117.16967631565791,-257.3050288959403,Storm
1443,41.74315729079059,-90.89116471151652,33334.99891934448,354.03109662694766,-172.3969629548735,264.47071230186475,Storm
1444,41.74505622459946,-90.88574720401881,33340.91341871284,354.8699621015749,2.768175184733849,-54.35275690978901,Storm
1445,41.74641933959912,-90.88140133413954,33346.73266488407,349.15477027400476,124.3514324031674,201.4955567463096,Storm
1446,41.74465187183503,-90.88331662978776,33352.50823079351,346.5339545665541,-67.12358675375816,116.17083448427712,Storm
1447,41.74655488139345,-90.87789097079096,33358.244178782516,344.1568793404415,108.44912634075462,92.7904121195727,Storm
1448,41.74422405285672,-90.88093298798447,33363.89634616563,339.13004298700343,-139.36197007996026,225.52985011023418,Storm
1449,41.745921333195945,-90.87591878742606,33369.597465159364,342.0671396238615,15.637821094403478,-130.5165441779978,Storm
1450,41.74561315015422,-90.87491551362953,33375.36733991393,346.1924852739289,-29.908725824922442,-277.4573457606556,Storm
1451,41.74457098704484,-90.87538019996835,33381.043535566016,340.57173912514054,-148.85327951103298,159.32805030951653,Storm
1452,41.74420684880644,-90.87448883656518,33386.73095424773,341.24512090291523,-199.99534609785354,-50.060502910624706,Storm
1453,41.746444125419245,-90.86839464345961,33392.485607768336,345.2792112363373,9.004072434235383,-267.21934799941664,Storm
1454,41.74839367977427,-90.86287589486962,33398.25180284554,345.9717046320607,189.23126518893315,-164.32480125019683,Storm
1455,41.7458654444284,-90.8663127256814,33404.0183739336,345.9942652835973,-78.32051214548765,-117.6344926469836,Storm
1456,41.745717598625795,-90.86498877740662,33409.84735959957,349.73913995799603,-107.83333515306003,-299.11570674821314,Storm
1457,41.74786059358115,-90.85908314761596,33415.52703503691,340.7805262405151,91.73791763519853,280.1072998795712,Storm
1458,41.745987670765416,-90.86120935336747,33421.167214966525,338.41079577681126,-110.28260668598197,97.82831508205345,Storm
1459,41.74820536456759,-90.85515432588316,33426.7203300443,333.1869046667254,96.75853078348604,209.05522745431483,Storm
1460,41.74707557847529,-90.85579425818781,33432.308384454205,335.28326459449966,-30.948321194556343,-118.24145661574246,Storm
1461,41.746833524650796,-90.85465872595682,33437.82333270811,330.8968952343876,-69.88194639078756,127.5727998591077,Storm
1462,41.7489467444082,-90.84881264656205,33443.39214660954,334.1288340856484,126.71178660225439,-191.0316193460384,Storm
1463,41.74731067300229,-90.85046514949393,33448.843722758196,327.09456891906416,-51.623596736893916,241.16411804949007,Storm
1464,41.749200965475914,-90.84506492466672,33454.19822364446,321.27005317586156,122.67740787789569,290.9150416574855,Storm
1465,41.749138466863336,-90.84357028201191,33459.5836432627,323.1251770942311,101.69930387283227,-64.08287938324665,Storm
1466,41.74863130758806,-90.84296496068251,33464.91883960249,320.11178038751564,36.25513359785509,96.6085525483922,Storm
1467,41.74672986194483,-90.845148212089,33470.24042737646,319.29526643846253,-168.61767347315043,26.698175462319057,Storm
1468,41.74940060442093,-90.83818708725684,33475.61885152626,322.7054489881028,83.72833138904383,-199.60721759936376,Storm
1469,41.74983313040421,-90.83570239541032,33480.949749784784,319.85389551146847,112.25268697022284,50.263668308467004,Storm
1470,41.75066677310478,-90.83241547012922,33486.360433974376,324.6410513757116,180.88871427903786,-274.546621075865,Storm
1471,41.74806647293969,-90.83599643057944,33491.70959271686,320.9495245494049,-93.8695449778132,60.932327579894434,Storm
1472,41.748338690465765,-90.83383235564735,33497.00051691367,317.4554518084774,-81.37603511762772,128.6544984427453,Storm
1473,41.750335754374504,-90.82821858794989,33502.363354749024,321.7702701213665,103.60211300877239,-238.49042156011532,Storm
1474,41.74950243352872,-90.8282655897615,33507.68516700121,319.3087351309982,5.541785682707086,5.334333354633543,Storm
1475,41.74907142118023,-90.82750797457852,33512.89926742425,312.8460253820727,-52.28769191378356,259.75491754180325,Storm
1476,41.75105160580634,-90.82192796544635,33518.076994186886,310.6636057582784,131.0025279492885,118.32562914578205,Storm
1477,41.75074616949726,-90.82091919818454,33523.25754890813,310.833283274401,85.73065429399901,-22.97031371212853,Storm
1478,41.75172012346618,-90.81735165036675,33528.38332809528,307.54675122914597,168.39780843863036,116.75725635197125,Storm
1479,41.751099352055896,-90.81697355330735,33533.43324664436,302.9951129445009,91.59242466232655,217.0145422724072,Storm
1480,41.74942699659412,-90.81869862435094,33538.42963963788,299.783579611124,-90.3713642631236,184.2425423200218,Storm
1481,41.74925895507605,-90.81741506750713,33543.465621307514,302.1589001783954,-121.90375881740319,-92.7948286530673,Storm
1482,41.74996771690878,-90.81437790396171,33548.391573130204,295.5571093612431,-65.75581829206291,287.1152810334844,Storm
1483,41.75219870641417,-90.80829628507097,33553.29578970387,294.2529944200205,142.61488949917072,120.70191695415582,Storm
1484,41.751828066993106,-90.80741792403313,33558.19542869554,293.978339499848,90.82270464615607,37.24367664154266,Storm
1485,41.75285548504256,-90.80374344805426,33563.09714897215,294.10321659674275,178.83626684340766,-2.244748270583102,Storm
1486,41.750736475641084,-90.80636182697725,33568.063488888285,297.98039496808104,-47.79291605204219,-202.1787978410454,Storm
1487,41.75250650983812,-90.80120211870323,33572.96033955183,293.8110398124862,114.48226090442319,140.66635924535484,Storm
1488,41.751046389810654,-90.8025027188782,33577.956665356185,299.77954826147453,-46.25798459034604,-284.8839516244624,Storm
1489,41.753012241394906,-90.79695137582974,33583.01755437025,303.65334084369346,135.59893108720428,-293.14920992755583,Storm
1490,41.75261833363002,-90.79611955147955,33587.94416882015,295.59686699379483,81.47991185162039,282.1542658356342,Storm
1491,41.751701462251575,-90.79633365435647,33592.931356164794,299.23124067876034,-24.93546874071862,-159.01595700242834,Storm
1492,41.75291758340663,-90.7922817721664,33597.8270943222,293.7442894442475,81.94840401735269,190.27688520935106,Storm
1493,41.75243110305824,-90.79163509298323,33602.63070455661,288.21661406468655,18.572126431138912,280.2211651536877,Storm
1494,41.75059933910804,-90.79367898100367,33607.44672650172,288.96131670662857,-179.33251133681557,2.877358982716885,Storm
1495,41.75341376243817,-90.78643049446343,33612.182823559066,284.165823440431,87.38157892902001,217.5842826895074,Storm
1496,41.75140425152399,-90.78882987641184,33616.87097328156,281.28898334961593,-128.29775523688397,180.00208905820887,Storm
1497,41.75304533980671,-90.78392805996644,33621.591948959605,283.258540682605,21.08283028741812,-62.06779080602206,Storm
1498,41.75150865404563,-90.78538179160864,33626.23197699414,278.4016820717996,-147.31398856836256,219.17745534534743,Storm
1499,41.75175816919151,-90.78326312143692,33630.926152515356,281.6505312728835,-137.09071672811388,-114.12728447454046,Storm
1500,41.75243654091412,-90.78028673811176,33635.534342783365,276.4914160805338,-83.98178721502525,222.84842051451255,Storm
1501,41.754114453190574,-90.77531127367887,33640.09961507443,273.91633746424674,69.0811976835592,178.00883831482338,Storm
1502,41.75257279523638,-90.77677494970729,33644.65556043601,273.35672169472707,-99.81284048300041,74.92445976419936,Storm
1503,41.754005190001266,-90.77229052029757,33649.15324717815,269.8612045283239,28.698393257499475,199.69822607296265,Storm
1504,41.75548983673809,-90.76770158694396,33653.76859346333,276.92077711080236,162.4348241925042,-292.7059371135679,Storm
1505,41.75470885059988,-90.76764391934041,33658.45018517538,280.8955027234932,69.60796762351708,-268.8985205281626,Storm
1506,41.754355488011434,-90.76673100463736,33663.14589761447,281.74274634532264,19.54346603094237,-127.42036257379308,Storm
1507,41.75353444217668,-90.7667534564269,33667.849714713375,282.2290259343855,-77.28936019114352,-88.22489792858605,Storm
1508,41.75493978800227,-90.76232312489576,33672.56612794631,282.9847939760855,48.51697961984405,-99.57002059873847,Storm
1509,41.75553269683591,-90.75951766734853,33677.27801924712,282.71347804864456,93.07962023611213,-57.28356865567818,Storm
1510,41.75302259586226,-90.76291822941586,33681.9114667729,278.0068515471639,-172.65871987601656,170.25590549046433,Storm
1511,41.754039498786874,-90.75926478368667,33686.55688356009,278.72500723169196,-85.6966701629176,-40.339872240442446,Storm
1512,41.75578552344886,-90.75415309448275,33691.218094918,279.6726814743,74.17755328876063,-100.52630571077279,Storm
1513,41.75341737296803,-90.75726975556444,33695.880287831416,279.7315748052397,-177.36573754131376,-75.64737179231184,Storm
1514,41.7571161071017,-90.74825264741713,33700.49023638457,276.59691318911223,177.77943307772136,85.04063837913492,Storm
1515,41.75617151179307,-90.74852219815445,33705.06349727236,274.3956532674824,68.59165946688279,79.36929218258393,Storm
1516,41.75442884618172,-90.75038788949719,33709.644199985785,274.84216280567796,-120.40314441622529,-48.99968153863193,Storm
1517,41.75678391924681,-90.74405810348705,33714.28536142368,278.46968627380505,100.3759193453273,-239.1762614681045,Storm
1518,41.755038853585184,-90.74592859493033,33718.933235533616,278.8724465959075,-88.85888956411509,-134.20853492048784,Storm
1519,41.75580280061868,-90.74278106098338,33723.45223334315,271.1398685722691,-27.192428962197596,288.22124456531105,Storm
1520,41.754492017522516,-90.74378298729575,33727.97196401661,271.1838404074531,-172.9989813264712,11.220596628357043,Storm
1521,41.75508674849131,-90.74097388547821,33732.38230179443,264.6202666694938,-128.2541271951158,282.40592724584644,Storm
1522,41.75496978620964,-90.73958817016158,33736.82232344171,266.40129883675644,-154.67859810901433,-57.839398583045266,Storm
1523,41.75761539455755,-90.73267731358581,33741.20559455734,262.996266937498,95.15399393384246,122.73265681646717,Storm
1524,41.75650205159326,-90.73328435963442,33745.61913428395,264.8123835969515,-30.908545242427095,-92.08549922836906,Storm
1525,41.756548868987366,-90.73157108496625,33750.0614705414,266.5401754469285,-40.95504857885177,-141.43424210481643,Storm
1526,41.75592703365546,-90.7311951157501,33754.48207046137,265.2359951983562,-117.86682451728008,-10.176181464666001,Storm
1527,41.756327119352385,-90.7287753044763,33758.929361717215,266.8374753508003,-92.58649757295707,-127.52300106164992,Storm
1528,41.75802729100949,-90.72375532128213,33763.25598302364,259.5972783855921,62.70242538982285,281.1223990199353,Storm
1529,41.7579620979853,-90.72226606745053,33767.675996855185,265.2008298924409,41.454880223750024,-253.81231976102023,Storm
1530,41.75599716606595,-90.72457629140928,33771.97019584796,257.65193956684567,-169.7665544583732,270.85393250733955,Storm
1531,41.75703127719924,-90.72088842926274,33776.35435745411,263.0496963689991,-81.08368387706655,-244.75980835051473,Storm
1532,41.75838557481409,-90.71656019415308,33780.67941894946,259.5036897209036,39.61783486015261,74.18926697415964,Storm
1533,41.758730698173444,-90.71425030755442,33785.04147155492,261.7231563276646,59.40192804747528,-139.55878328547522,Storm
1534,41.7563444040573,-90.71740325590675,33789.282617763245,254.46877249955529,-193.95572631420998,279.0092216726831,Storm
1535,41.75743481593068,-90.71360279228001,33793.49710952426,252.86950566060577,-99.64278172355901,105.61577283152849,Storm
1536,41.75940504565491,-90.70804269295161,33797.68760131717,251.42950757469748,82.6519479514838,66.00445024769141,Storm
1537,41.75797743817972,-90.70927826802202,33801.920038752774,253.94624613629722,-74.83704231454071,-137.34224774156053,Storm
1538,41.759263764161155,-90.70508597617919,33806.0573784108,248.24037948130007,39.06731308108124,219.65738016701494,Storm
1539,41.760807308373515,-90.70037924787452,33810.28196910376,253.47544157741413,178.69349156935823,-236.4565173577454,Storm
1540,41.757786970335694,-90.7048002840702,33814.38752469056,246.33333520796117,-138.06855496091205,266.8417552698478,Storm
1541,41.76026107922611,-90.69823242640939,33818.42838280551,242.4514868970503,94.61409133391703,229.79629489786385,Storm
1542,41.758272751276785,-90.7005894424281,33822.46525789075,242.21250511421687,-118.94694634586274,52.55152266564113,Storm
1543,41.76041406154539,-90.69468718201092,33826.46707083315,240.10877654378555,80.45583776698948,108.06713126818357,Storm
1544,41.75938939235867,-90.6951168805044,33830.57220623081,246.30812385995978,-36.73932365332075,-290.7630649852149,Storm
1545,41.76023577224989,-90.69180448084201,33834.69716668714,247.49762737978313,33.17042272170525,-148.13907649223475,Storm
1546,41.75985236743472,-90.69095165059238,33838.70787725703,240.64263419360623,-19.898301542843853,274.54860905029034,Storm
1547,41.7597947741482,-90.68944719728546,33842.66415108596,237.37642973595368,-40.3858729430261,203.88096399865606,Storm
1548,41.7591000777281,-90.68921695024571,33846.598048781365,236.03386172408054,-124.58375770029954,103.47629881501729,Storm
1549,41.762401225550335,-90.68099501472128,33850.61773272136,241.18103639965548,190.8027817755774,-238.86413947623794,Storm
1550,41.75867375992897,-90.68683030608405,33854.62610173734,240.50214095888504,-196.6720231091232,-39.85032442043138,Storm
1551,41.75915826451974,-90.68424165702255,33858.57330015542,236.83190508451634,-162.94980677945313,149.03060980573883,Storm
1552,41.762593239670394,-90.67575206684127,33862.53863785289,237.92026184831386,165.81946553942356,-39.58741637474469,Storm
1553,41.7601171740111,-90.6790845582799,33866.5069540504,238.09897185043428,-96.51534313782362,-39.35800859603415,Storm
1554,41.76212340114136,-90.67345246413943,33870.56203717706,243.3049875994545,89.37912714000038,-294.5675030517774,Storm
1555,41.761734708255375,-90.67261021003144,33874.55799726761,239.7576054333029,35.781595793878864,67.97501093242744,Storm
1556,41.7620749277125,-90.67031013123723,33878.59692593905,242.33572028595384,55.0752987583742,-154.78675201147368,Storm
1557,41.7625276680459,-90.66778501069048,33882.689581127204,245.5593112893398,85.6210893512507,-245.16510820093416,Storm
1558,41.76061582092573,-90.66998906505084,33886.66732881845,238.66486147474725,-120.29186541327968,226.48202799268915,Storm
1559,41.76292091461024,-90.66375923780186,33890.74249658126,244.510065768742,95.48926029062653,-291.7526675931928,Storm
1560,41.76110680947629,-90.66576780818981,33894.83151643834,245.34119142460042,-100.64949585207992,-171.35611020410127,Storm
1561,41.76134381217444,-90.66367416291355,33898.933584673076,246.1240940840156,-91.67746878521098,-151.46413783206816,Storm
1562,41.760657974472736,-90.663426198437,33903.00561264273,244.32167817909604,-174.9894817028617,-24.63569004190782,Storm
1563,41.76348608561638,-90.65615033626975,33907.027816685295,241.33224255382916,93.09338991446606,64.03903483046184,Storm
1564,41.763393920819105,-90.65471502598433,33911.11414160635,245.17949526327482,69.14866743923193,-251.31049287825653,Storm
1565,41.7646556794129,-90.65057186891678,33915.08587194134,238.30382009919776,180.5962840707149,203.09510030581492,Storm
1566,41.76421736027365,-90.64982886731534,33918.984519080666,233.91882835958265,122.03612739826508,193.7902830250605,Storm
1567,41.764875123459674,-90.64689370106332,33922.870020559596,233.13008873570396,173.08420325310453,26.552379668218634,Storm
1568,41.76209269192609,-90.65083892425052,33926.7167376517,230.80302552642073,-119.88719285294964,70.07016471152468,Storm
1569,41.76441037225676,-90.64458392370922,33930.505424330906,227.3212007521092,97.15259746717561,142.75043601241526,Storm
1570,41.76367192480624,-90.6444411787303,33934.37845366871,232.38176026797592,8.579609666752049,-258.9247683998532,Storm
1571,41.76321786289077,-90.64372966268128,33938.130799896964,225.14077369532757,-51.554824627948875,252.45996507801442,Storm
1572,41.76421848920355,-90.64010877017577,33941.881704332925,225.05426615768042,33.77956390297041,22.999165953428076,Storm
1573,41.76310339004953,-90.64071932860385,33945.64896139297,226.03542360281008,-92.45859424712259,-78.93064805005267,Storm
1574,41.76575664277609,-90.63379318327077,33949.363859028665,222.89385814153525,158.1384356612677,99.87782851610143,Storm
1575,41.765472088953956,-90.63274265103507,33953.083942935205,223.20503439246357,114.95481070093314,-27.392746159406897,Storm
1576,41.76499081215225,-90.63208556475853,33956.84051350069,225.39423392892093,52.09888778246318,-150.9698347540755,Storm
1577,41.765438949023036,-90.62956965113699,33960.58556559024,224.70312537287788,82.18433211339453,-43.4391997779976,Storm
1578,41.76453457018864,-90.62975876892584,33964.281847280094,221.77690139121097,-22.98179407410177,89.59339474612898,Storm
1579,41.766656793042735,-90.62389468333768,33968.0582098137,226.58175201635424,174.51224858757064,-261.5961920348274,Storm
1580,41.76635792593371,-90.62287277767575,33971.83814636295,226.79619295480663,129.89729493880304,-124.57013375268414,Storm
1581,41.76498191322983,-90.62400516320356,33975.683591812114,230.7267269501071,-22.43221819744886,-286.85200273499464,Storm
1582,41.76455770215062,-90.62323394548203,33979.4813132558,227.86328662080643,-79.5815688662748,1.5787455780782693,Storm
1583,41.76372550457614,-90.62327870075102,33983.255654889515,226.46049802298884,-177.5295690610244,-5.342562370100893,Storm
1584,41.76735652520967,-90.61439701960401,33987.084161247345,229.7103814696085,170.84425154337094,-236.76406913531687,Storm
1585,41.766853128034015,-90.61378417407536,33990.885190937835,228.0617814295978,105.77629123020176,-54.197367974404415,Storm
1586,41.76656334240728,-90.61274410544885,33994.70198832273,229.0078430937423,62.06948580973523,-143.85804120886237,Storm
1587,41.76472789902682,-90.61479535232982,33998.54625054119,230.65573310744946,-136.20309498345668,-203.72243143726413,Storm
1588,41.76451918018671,-90.61359315013009,34002.40572566147,231.56850721675664,-171.80322174274215,-188.61197705925417,Storm
1589,41.767041372371565,-90.60692912588041,34006.1399650261,224.05436187799245,65.68775399558729,229.01436710610483,Storm
1590,41.767788280001454,-90.60381567074069,34009.8251530641,221.1112822798075,125.65027423646472,111.08058592469047,Storm
1591,41.76512078714021,-90.60753101658321,34013.53556155551,222.62450948439275,-155.82725463555892,-126.4875322224301,Storm
1592,41.76606556961533,-90.604021811753,34017.26018996586,223.4777046211263,-76.07724987101241,-150.02583216142727,Storm
1593,41.767033647180355,-90.600466016743,34020.938217925715,220.68167759113916,6.002263883889242,21.332288927803518,Storm
1594,41.76654845086968,-90.59981676948439,34024.62017257632,220.91727903607116,-57.24560993155592,-87.72650475813839,Storm
1595,41.768582411788095,-90.5941292077676,34028.21038634189,215.4128259344932,131.42223916243256,173.57570899181138,Storm
1596,41.766646655150666,-90.5963810811625,34031.707768247434,209.84291433268936,-76.88166732770173,248.27306632395562,Storm
1597,41.769374014319425,-90.58930672294501,34035.24120739956,212.00634912742842,181.1260068010024,-103.9544747819755,Storm
1598,41.767127736474066,-90.59217963875577,34038.747614405926,210.3844203820413,-58.23002048277806,3.380492053175317,Storm
1599,41.769621802356504,-90.58557186711094,34042.16123720699,204.81736806346274,176.4483250134694,225.79165988538693,Storm
1600,41.76641487338418,-90.59036608517563,34045.600139574526,206.3341420521543,-158.97281496656407,-64.36155403715026,Storm
1601,41.768365368720325,-90.58484545462338,34049.019956523836,205.1890169585523,21.34847589990875,1.8794835309240057,Storm
1602,41.76707461866055,-90.58580731486298,34052.354583419,200.07761370979532,-122.45477282524293,215.2900627008928,Storm
1603,41.769154211948255,-90.58002848840759,34055.628360961055,196.42665252330892,70.77631319873495,202.74502491108217,Storm
1604,41.770028788361145,-90.57665969570185,34058.862362315915,194.04008129155454,143.50571173978886,149.01351219944388,Storm
1605,41.76849785607622,-90.57810192039175,34062.08288954882,193.23163397436883,-24.315759500113074,66.32805300925475,Storm
1606,41.76752975772318,-90.57841847721787,34065.27203058411,191.34846211704462,-135.85383755210273,104.18725048494463,Storm
1607,41.76775259154913,-90.576353169686,34068.42991108428,189.47283001001216,-128.2986977042877,116.36975430609408,Storm
1608,41.76810125359667,-90.57403620571098,34071.6742836997,194.66235692528375,-108.16073569841254,-229.469219909868,Storm
1609,41.7679912813417,-90.57263651034094,34074.99741403035,199.3878198393359,-133.88620394281702,-298.8047188685578,Storm
1610,41.77035238428002,-90.56629466458435,34078.24140589106,194.639511642206,87.49584714141207,139.44062943502746,Storm
1611,41.76968444163573,-90.56601090999295,34081.55515457696,198.82492115420536,5.973339965303779,-203.18231936676978,Storm
1612,41.7681062080136,-90.56754773735727,34084.93779646228,202.95851311917937,-166.5782649957241,-288.52262013762777,Storm
1613,41.7685822657989,-90.56497598190671,34088.20287879326,195.904939858359,-133.7007292139117,234.51332098988803,Storm
1614,41.76903270288531,-90.56245546785391,34091.50112938721,197.89503563702726,-103.3852633193273,-87.4372036696706,Storm
1615,41.768635219883905,-90.56163079397678,34094.83393167457,199.96813724183724,-157.8618062074667,-166.58321715109784,Storm
1616,41.77043801865658,-90.55640555655147,34098.11527579258,196.88064708079546,7.6898283120820565,64.65160985739152,Storm
1617,41.7694898120576,-90.55668232986946,34101.47382656015,201.5130460539067,-101.85907433351558,-265.36070446492965,Storm
1618,41.77021981670492,-90.55360268069487,34104.84521162136,202.28310367258578,-43.58685234904053,-159.47797744419952,Storm
1619,41.76968118334881,-90.55306030752713,34108.0894313032,194.65318091025404,-112.17843070807922,275.9176816280732,Storm
1620,41.771415452027064,-90.54797213029065,34111.32542543764,194.1596480663023,46.52019437028963,34.12706590325752,Storm
1621,41.77076063292493,-90.54766212861496,34114.56245713263,194.22190169990952,-33.68995859067124,-42.63339994191347,Storm
1622,41.77140843495366,-90.54474688467754,34117.74096564661,190.71051083881366,16.362001535232338,117.85788422166434,Storm
1623,41.77220068175052,-90.54154275120386,34120.98043573214,194.36820513172816,80.85843847273179,-196.98365537673027,Storm
1624,41.77153983080157,-90.54124481322181,34124.206080267264,193.53867210721745,0.04510083065079584,-52.82514297953881,Storm
1625,41.773168770085825,-90.53636729477334,34127.38386444809,190.6670508496846,148.21078650775365,78.85135273102583,Storm
1626,41.77196396091388,-90.53715727323726,34130.628756173406,194.69350351859413,13.00162656639273,-230.76321469264957,Storm
1627,41.772403778632984,-90.5346579979191,34133.91351423748,197.0854838444975,42.25515572936459,-229.67765659185994,Storm
1628,41.77147733580543,-90.53489124369425,34137.22901549869,198.93007567274225,-65.11736977369918,-214.2948211114009,Storm
1629,41.773044086518745,-90.53013810238765,34140.56025781061,199.87453871541956,76.82945880974756,-176.24873169830843,Storm
1630,41.77199051185087,-90.53062561184345,34143.76974438171,192.5691942657499,-43.256250724789595,237.40486657126723,Storm
1631,41.77138762231919,-90.53021175102684,34146.97151877449,192.1064635668779,-118.27344664041189,4.683038375267472,Storm
1632,41.77239472585774,-90.52657790406978,34150.2477660869,196.57483874451708,-32.291335533591194,-289.12557537256214,Storm
1633,41.77403595409484,-90.52167580771562,34153.56187824058,198.84672922105023,117.10324542912514,-258.57245621124014,Storm
1634,41.77290922415193,-90.52230962772148,34156.81365015756,195.10631501878981,-10.29799160921857,36.40697696336997,Storm
1635,41.77367319232196,-90.51916205150147,34160.00128070228,191.25783268325674,51.370582645834816,113.17897758472537,Storm
1636,41.77231985845707,-90.5202490793513,34163.26990412971,196.11740564561833,-98.69104659091397,-294.0127340049304,Storm
1637,41.77434782599987,-90.51457350438572,34166.47988229814,192.59869010599314,89.37746494196477,21.393959608547163,Storm
1638,41.77494580459076,-90.51175790732398,34169.598935504,187.14319235169566,134.4470812828995,192.83301774041655,Storm
1639,41.77512192087656,-90.50978603487243,34172.71220006957,186.79587393387976,137.33046711515328,-8.943204012275885,Storm
1640,41.77323041221623,-90.51194941231313,34175.744564811444,181.9418845126485,-66.54864166525374,174.93492155482198,Storm
1641,41.77384835751247,-90.50909388184068,34178.835580221195,185.46092458506405,-19.48235478829804,-189.93468215793928,Storm
1642,41.77561035956608,-90.50395023785352,34181.81557788825,178.7998600231809,141.9896078245897,229.5359260634084,Storm
1643,41.77420298493986,-90.50514534722598,34184.88198870427,183.98464896098235,-13.476097543931957,-254.5801636141275,Storm
1644,41.77403633270245,-90.50385901182084,34187.8492341545,178.03472701356367,-44.869564033227505,182.122595677562,Storm
1645,41.77623940688444,-90.4978332235769,34190.87358931445,181.46130959694483,160.70961141849148,-177.9163545014425,Storm
1646,41.77304748764583,-90.50259742217416,34193.790896966515,175.0384591239185,-173.21055518989138,226.41027187970315,Storm
1647,41.77448449538113,-90.4981037668236,34196.70302310532,174.7275683282406,-44.23802440844989,25.056578560537957,Storm
1648,41.776946421300885,-90.49156027510413,34199.69122169811,179.29191556701238,187.22632482030355,-260.06116325146627,Storm
1649,41.77581471250997,-90.492204052806,34202.728089035714,182.21204025620628,59.32720298083825,-255.53674645507976,Storm
1650,41.774870598621504,-90.49247264070297,34205.66327834594,176.1113586136463,-49.812428613399845,182.28872711606806,Storm
1651,41.77524989426614,-90.49009440953375,34208.49466273553,169.8830633754075,-26.611106897746254,298.3094123417702,Storm
1652,41.77589952490238,-90.48717550838131,34211.37273723523,172.68446998178368,23.623713978640865,-107.3027084184279,Storm
1653,41.77469101549369,-90.48797288731873,34214.26008355264,173.24077904437084,-111.95546963809875,-89.68767942830291,Storm
1654,41.775447985712574,-90.484839307001,34217.212725071775,177.15849114830857,-50.986690496179676,-258.7717933656234,Storm
1655,41.77558343184272,-90.48294877486074,34220.13426920975,175.2926482788857,-52.17032022929072,-21.456888156465027,Storm
1656,41.77714336848145,-90.47820926170333,34223.003749552474,172.16882056338176,89.09510089552185,94.03769083296476,Storm
1657,41.777234762520884,-90.4764068337445,34225.96194227889,177.4915635849103,83.50626209166171,-294.98179087388576,Storm
1658,41.77541765192577,-90.47842141505477,34228.84435687933,172.94487602645574,-112.93304016778558,97.01057303991388,Storm
1659,41.776630222227645,-90.47437663457106,34231.81369899867,178.16052716000772,-6.404252728101142,-296.8119145989924,Storm
1660,41.77805952575212,-90.46989838764215,34234.682462763616,172.12582589687108,121.79785697272894,163.6857439742024,Storm
1661,41.777182506261845,-90.47003278674273,34237.62990523749,176.84654843242524,19.367665197425055,-260.12200453423674,Storm
1662,41.778202172235474,-90.46637381491551,34240.51723699138,173.2399052332226,106.60601981303387,50.22815263881836,Storm
1663,41.77841123437346,-90.4643360507596,34243.33558426467,169.10083639749234,112.78399086318365,151.04819543750426,Storm
1664,41.77864268518013,-90.46225350926629,34246.14318797689,168.45622273325952,121.20082878313485,10.804839842774868,Storm
1665,41.77613925739254,-90.46564072496149,34248.90018019641,165.4195331709344,-143.870192722594,102.69448402781319,Storm
1666,41.77820713688745,-90.45988532609172,34251.601784852326,162.09627935496127,48.18951402078824,145.3519123194523,Storm
1667,41.77655204819893,-90.4615758635888,34254.36401564034,165.7338472807778,-132.0475975797059,-183.01488005982645,Storm
1668,41.77958144467108,-90.45389743076454,34257.04839019406,161.06247322325396,156.16380688773137,149.98667907124246,Storm
1669,41.77980000298448,-90.4518406742578,34259.68087896884,157.9493264863917,163.29139548012915,155.22919269835245,Storm
1670,41.77870299268112,-90.45241505498456,34262.28620030676,156.31928027533874,38.86212239612075,92.47964221672419,Storm
1671,41.78001816558039,-90.44816506930604,34264.87671655472,155.4309748777754,155.65116957600395,47.284052707164335,Storm
1672,41.77913850160942,-90.44830475736804,34267.534375270996,159.45952297647153,52.956529731354976,-206.11397039783964,Storm
1673,41.778651903620045,-90.44765831346682,34270.12421459223,155.39035927406417,-10.431511953558925,129.83826717485937,Storm
1674,41.77798727196032,-90.4473679369063,34272.776199369626,159.1190866437835,-91.62292067345383,-178.64749168527905,Storm
1675,41.778306090827435,-90.44511065929213,34275.45623162097,160.80193508060216,-74.46927671023377,-155.09962320429992,Storm
1676,41.77805771657016,-90.44398776792671,34278.12625081817,160.20115183197885,-114.03494518544166,-45.08949427914783,Storm
1677,41.780976702505015,-90.43653015617703,34280.77723891579,159.05928585755981,163.13540555341365,4.2357880432309685,Storm
1678,41.77824431240022,-90.44037529650667,34283.49931868802,163.32478633351434,-124.83184767387078,-253.81699837147556,Storm
1679,41.78042453788499,-90.43439520565717,34286.207703235385,162.50307284201347,78.46245805517009,-70.3207413381673,Storm
1680,41.781074519518256,-90.43147560251067,34288.85965753598,159.11725803565486,128.73237863414369,95.70646118446211,Storm
1681,41.78111944396156,-90.42976611374412,34291.54757400975,161.27498842674095,118.49658021654739,-136.83237634893075,Storm
1682,41.78085119627671,-90.42868296923385,34294.253930729436,162.3814031808302,76.94356898442322,-141.56280918376874,Storm
1683,41.781985316932136,-90.42479508804303,34296.90175172931,158.86925999267848,175.62739178011662,81.8245689200246,Storm
1684,41.77967437264252,-90.42779733674232,34299.58328265947,160.89185580976854,-70.19527992986318,-138.2928826246364,Storm
1685,41.779287314209576,-90.42695181372824,34302.19540908716,156.72758566149167,-123.6293659713426,116.78457533623668,Storm
1686,41.77954575274876,-90.4248152967699,34304.77986413495,155.06730286768206,-112.51375480082908,57.18195955649344,Storm
1687,41.77987671283195,-90.42253373672358,34307.3208675265,152.46020349261667,-94.14598922985707,97.18136687632114,Storm
1688,41.782225214065875,-90.41621709437575,34309.800676057646,148.78851186898657,125.97589141621569,166.81514588679187,Storm
1689,41.78215614290291,-90.41473559682171,34312.34623093404,152.7332925836608,104.34053237231268,-187.36655658464878,Storm
1690,41.779613559794605,-90.41820112315838,34314.82573185228,148.77005509433053,-164.64602120619253,119.36929709243134,Storm
1691,41.780880691289326,-90.41404722028898,34317.3175759097,149.51064344500412,-52.66111448225948,-40.59226415799162,Storm
1692,41.779679181232794,-90.41483060052208,34319.84400019188,151.58545693068643,-187.54036288264356,-144.25413043497048,Storm
1693,41.7798365729046,-90.41289617729852,34322.2707296066,145.60376488307793,-186.5294384502144,227.51146356074855,Storm
1694,41.780822736449444,-90.40930421032886,34324.69425335527,145.41142492043403,-102.64132671258781,34.402301743804856,Storm
1695,41.78015234942669,-90.4090253444944,34327.079405843426,143.10914928942756,-184.40827173554783,100.10843478339484,Storm
1696,41.78143582395454,-90.40483875555876,34329.38678933906,138.4430097384676,-70.78906169836245,238.7515121745995,Storm
1697,41.783843469754736,-90.3984038240784,34331.74578382947,141.53966942434005,155.24727557361433,-104.82562898295134,Storm
1698,41.78404212300924,-90.39638687768942,34333.99454937536,134.92593275324245,160.38435827618713,297.6946040992673,Storm
1699,41.783887224510444,-90.39507703480706,34336.19840391743,132.23127252412806,130.1662656495792,206.9228086531374,Storm
1700,41.78172887922586,-90.39777408549627,34338.40793797225,132.5720432896702,-100.39650555636403,46.021439314653776,Storm
1701,41.781149150364776,-90.39731390333847,34340.707737725555,137.98798519811982,-173.09763441305284,-243.04923790699817,Storm
1702,41.78502297958451,-90.38794660501904,34343.024346982806,138.99655543490923,199.55704481331622,-104.01645034445343,Storm
1703,41.784167427212054,-90.388038069884,34345.26906579237,134.68312857366294,99.27356481953854,183.99903181608988,Storm
1704,41.78475406707536,-90.38524515027743,34347.428059974336,129.53965091829232,143.20930840289168,298.57697844129393,Storm
1705,41.78243524235983,-90.38826315982851,34349.706711506005,136.7190918999605,-103.40140589725286,-275.7895038841802,Storm
1706,41.78326130491826,-90.3849913948317,34352.03859511441,139.91301650425686,-35.5233928021656,-221.95159810263183,Storm
1707,41.78185352483041,-90.38618731512744,34354.37634681124,140.26510180954364,-191.02964433517795,-83.74390371510833,Storm
1708,41.78504605670554,-90.37818261149722,34356.68693643123,138.63537719945182,113.49530043009457,39.70841473504254,Storm
1709,41.78330949808556,-90.38003608885724,34358.96252048582,136.5350432751436,-74.88880431585838,92.60520329563184,Storm
1710,41.783133741277425,-90.37876796259354,34361.336813495975,142.45758060945818,-107.19272787647571,-291.371132356749,Storm
1711,41.785410364529405,-90.3725950762096,34363.65380826972,139.01968642493017,105.74135457457095,74.24585091840544,Storm
1712,41.78554944390914,-90.37069727757019,34366.05881009977,144.30010980294682,104.92104980038397,-276.63718998740063,Storm
1713,41.78599599434994,-90.36818453680863,34368.40462138126,140.74867688940927,134.84785113226087,71.71572002178198,Storm
1714,41.78504837966894,-90.36846012629066,34370.717561712154,138.7764198537432,25.358140285056038,74.76842886871896,Storm
1715,41.786399813681044,-90.36413761838651,34373.00738519805,137.38940915349363,145.77329874734562,52.16190393534424,Storm
1716,41.78541316464059,-90.36449127658744,34375.1930764763,131.141476695054,32.38015195527174,294.40749423945954,Storm
1717,41.78626356621679,-90.36117083355508,34377.408216991,132.9084308822601,102.6920668274272,-34.62371672931886,Storm
1718,41.78621351597612,-90.35965129415646,34379.63853538851,133.81910385054573,82.95880001317107,-66.46171698492691,Storm
1719,41.784446712253406,-90.36156526172194,34381.83857486038,132.00236831210293,-108.4498150066004,58.11112613265567,Storm
1720,41.7873912212234,-90.35405660390198,34383.952020389646,126.80673175582616,171.2728392455806,257.4837120092776,Storm
1721,41.78519339637084,-90.35683261372715,34386.07882559565,127.60831236038543,-63.23788875780389,16.60647973301701,Storm
1722,41.78481960128018,-90.3559605640285,34388.10770445476,121.73273154614559,-115.34564057205552,297.3786656993301,Storm
1723,41.78804481174484,-90.34789050321922,34390.13389915046,121.5716817420494,192.4471631471743,89.70535782446842,Storm
1724,41.787485278779556,-90.34738992926984,34392.13012114268,119.77331953338876,121.76562387098937,129.06009677022,Storm
1725,41.78678753784448,-90.34716577126002,34394.233212002146,126.18545156767992,37.26328761578728,-267.99120180666137,Storm
1726,41.78638124476601,-90.346358717537,34396.28329652304,123.00507125355774,-18.094262978935575,104.87178130044634,Storm
1727,41.787419596278816,-90.34266237463144,34398.369262325956,125.15794817495406,71.01264555347387,-76.12642894656986,Storm
1728,41.78862352019738,-90.33863488691433,34400.51676682859,128.8502701579031,176.6767946632122,-199.5857806579314,Storm
1729,41.787005472463086,-90.34025134250297,34402.6073741522,125.4364394167614,0.1437784862242495,114.53038593049365,Storm
1730,41.78793986032927,-90.33676292689066,34404.6744724507,124.02589791018698,78.85432235672369,89.18337406128933,Storm
1731,41.78639975238699,-90.33822350289525,34406.816189463985,128.5030207969725,-89.88471461925593,-206.27605878802683,Storm
1732,41.78798964326796,-90.33342408125334,34408.91766319073,126.08842360491238,54.37613073068434,59.58126968366264,Storm
1733,41.78631058842929,-90.33516255105073,34410.97811179977,123.6269165424486,-128.2575958843036,123.083487342338,Storm
1734,41.787561134782536,-90.33104181846427,34413.011979774536,122.03207848595169,-17.93120330653744,100.65635496189174,Storm
1735,41.78923719756216,-90.32607005302506,34415.11896426346,126.41906933570837,134.9468319080603,-198.16294285384612,Storm
1736,41.78611159114254,-90.33070162598435,34417.150853090374,121.91332961451579,-192.34205280126534,167.4615518374721,Storm
1737,41.788621083798645,-90.32406300079218,34419.15338464725,120.15189341248532,43.878970061046374,119.78374177327305,Storm
1738,41.78968219642547,-90.32032113565857,34421.10456267072,117.0706814081021,135.26198999545704,181.68656089470028,Storm
1739,41.7903205395407,-90.31742480954814,34423.06548057868,117.65507447798197,184.3680587715299,21.561047311270954,Storm
1740,41.7885781239111,-90.31929000092738,34425.05097016117,119.12937494940888,-4.601746936037841,-58.867680065561956,Storm
1741,41.787386187979315,-90.32005423291099,34427.01902866047,118.0835099577009,-138.5235828623182,43.56433972921343,Storm
1742,41.78802675633272,-90.31715345632423,34428.90761565515,113.31521968088126,-89.19499026960848,252.78450732778526,Storm
1743,41.78939875188,-90.31278982534971,34430.802232018,113.67698177116337,33.27632171083903,55.70410830486611,Storm
1744,41.788632969733875,-90.312701749762,34432.79692123902,119.68135326121786,-58.030135649195984,-268.8063888133755,Storm
1745,41.78748752857933,-90.31337299219113,34434.78723570933,119.41886821852013,-187.30249385080455,-45.9989135080815,Storm
1746,41.7878460974577,-90.31103621455442,34436.75114641952,117.83464261129397,-166.17384876110486,64.10817332408345,Storm
1747,41.79117901039535,-90.30275074879916,34438.64237062138,113.47345211190901,152.38920225586298,229.74888991123328,Storm
1748,41.7904385824408,-90.30261196482832,34440.611603066354,118.1539466981765,63.61816405289295,-173.2609011162414,Storm
1749,41.791401670553185,-90.29906614872358,34442.49023312561,112.71780355525736,145.19873254354883,231.65606118792493,Storm
1750,41.78888357999503,-90.30248268995992,34444.34174199621,111.0905322360936,-121.33856601881652,142.45565146240637,Storm
1751,41.7893903262784,-90.29984955751323,34446.14881790634,108.42455460739868,-85.39218042915083,181.5841874117578,Storm
1752,41.792380482109785,-90.2922496059705,34448.07166799858,115.37100553435918,198.8951599614411,-281.9843968023643,Storm
1753,41.79212827640081,-90.29113437750848,34449.951084382126,112.76498301287081,158.94634631637274,73.57832015919485,Storm
1754,41.79257962584178,-90.28861203874659,34451.8452718559,113.65124842651261,189.35304766592844,-20.99428948414345,Storm
1755,41.792222929514885,-90.28770579152042,34453.82676088042,118.8893414716863,138.9551722285495,-262.5635588410337,Storm
1756,41.790321776420384,-90.28988845782945,34455.87100400268,122.65458733538783,-65.8883799686817,-259.79007734927404,Storm
1757,41.793029315181464,-90.28285374042734,34457.8226250046,117.09726011536583,190.13725339162824,190.184344363102,Storm
1758,41.79268541476001,-90.28192190139029,34459.6943194283,112.30166542230097,141.01896849838818,262.7791388603365,Storm
1759,41.78976292144698,-90.28614724813639,34461.607300790725,114.77888174525063,-165.95860555208586,-68.64144449199998,Storm
1760,41.789853929486156,-90.28434559217808,34463.570619448576,117.7991194709609,-171.58604438239917,-173.52413906998282,Storm
1761,41.79063453546561,-90.28116474033922,34465.521066509216,117.0268236386245,-108.25368918493106,-18.535673371452788,Storm
1762,41.79093860345474,-90.27893696448098,34467.54311082455,121.32265891984561,-92.57513301854297,-239.41313590934334,Storm
1763,41.79068160156878,-90.27783132837295,34469.606495973705,123.80310894954142,-133.0035643623569,-211.63466186874544,Storm
1764,41.79405122683153,-90.2694724379675,34471.58681020749,118.8188540269055,189.23071916491932,155.57550415108415,Storm
1765,41.79417724792844,-90.26760075589371,34473.5785677352,119.50545166300755,187.1045861078248,-36.15570809525485,Storm
1766,41.791566958421484,-90.27120169502767,34475.49582857216,115.0356502172015,-88.65260733493736,178.975918325512,Storm
1767,41.79190578259447,-90.26890440680172,34477.458170223625,117.74049908816089,-69.49843278354129,-120.36997577679102,Storm
1768,41.791678073318614,-90.26774018547347,34479.47544441411,121.03645142912622,-106.99760311686752,-222.19261306545877,Storm
1769,41.79192118402133,-90.2656343241881,34481.49079860866,120.92125167346,-97.41477559329361,-86.80815091566737,Storm
1770,41.79373859103732,-90.26037987027615,34483.571425719245,124.83762663477034,69.59768325829214,-262.46109466832905,Storm
1771,41.792031924390876,-90.26217356368907,34485.55054277128,118.7470231218651,-115.79722413386281,185.41418417500586,Storm
1772,41.79192486675402,-90.26076803908283,34487.558883622914,120.5004510979971,-141.2312305664917,-94.41291208648707,Storm
1773,41.794943097174595,-90.25311193836171,34489.61246169169,123.21468412671692,145.86356874325605,-207.0448133139344,Storm
1774,41.79196269125711,-90.25745311031672,34491.63367603341,121.27286050302143,-166.90526575272403,-9.277202951993502,Storm
1775,41.79298870438723,-90.25378144417654,34493.62198934679,119.29879880326413,-79.03219548858544,38.045018690312475,Storm
1776,41.79514152833153,-90.24785615640798,34495.667912480676,122.7553880331291,121.52195619339005,-217.7109071083541,Storm
1777,41.794396387535286,-90.2477267981205,34497.67556477976,120.45913794514057,32.279633821713986,3.3052562339183282,Storm
1778,41.792797188768596,-90.24930555577393,34499.638511554134,117.77680646244465,-142.36848559472017,74.39909131738943,Storm
1779,41.79346271772346,-90.24635485798423,34501.59178119607,117.1961785162269,-90.54383285569133,-7.299408873592483,Storm
1780,41.7928445277766,-90.24597159799798,34503.535831134985,116.64299633516602,-167.09107028917526,-24.24956567182619,Storm
1781,41.79388857477914,-90.24226386411296,34505.39719170721,111.68163433352571,-77.41461278287187,193.42872671121262,Storm
1782,41.79303791824244,-90.24234553730639,34507.277253885295,112.8037306850642,-177.2085092010527,-48.835635049002036,Storm
1783,41.79479101145845,-90.23721971099441,34509.096588226355,109.16006046359661,-16.62743034742479,135.00364577947124,Storm
1784,41.79540171848976,-90.23437865705183,34510.883386549925,107.2078994143107,29.715030036084386,100.32740231650865,Storm
1785,41.79636004775948,-90.23084235863243,34512.598467550066,102.90486000844048,110.81971426070243,217.32178419491322,Storm
1786,41.794654635031236,-90.23263354420895,34514.31975171799,103.27705007537651,-74.4498013110118,22.813623218341775,Storm
1787,41.796906847785586,-90.2265094788203,34515.943030481765,97.39672582647951,136.04323137567997,293.67067857903385,Storm
1788,41.79725177514348,-90.22419998422455,34517.61737184377,100.46048172042138,155.80772441750526,-77.11964242537391,Storm
1789,41.794621646395655,-90.22784060184024,34519.28993649126,100.35387884925875,-121.93339311253983,-6.364477556046779,Storm
1790,41.796954828561596,-90.2215545976284,34520.96450236692,100.47395253960423,96.65658073441688,-4.458557548021474,Storm
1791,41.79606826863498,-90.22170807760166,34522.571457479455,96.41730675188877,-6.727654674532602,202.93825264908037,Storm
1792,41.795728442725476,-90.22076808954071,34524.12530027919,93.2305679844728,-55.438488373125466,215.87680488698743,Storm
1793,41.79605732924049,-90.21849067663074,34525.737043817884,96.70461232145685,-37.278079619310574,-103.06013659299634,Storm
1794,41.79639335210896,-90.21619899101384,34527.29351714472,93.38839961002896,-18.404035520120402,157.46817520492107,Storm
1795,41.79522868300309,-90.21690868934562,34528.92930460445,98.14724758395924,-149.59918885440229,-182.14847047678956,Storm
1796,41.798677736621755,-90.20839094222832,34530.61916397684,101.391562343249,180.57793026523677,-194.70502357118556,Storm
1797,41.79729014901831,-90.20954647755525,34532.27671360351,99.45297760044214,27.09092717242183,47.58867999716273,Storm
1798,41.79712502002226,-90.20825709566739,34533.90716516207,97.8270935133108,-4.150215179902091,86.84714914609117,Storm
1799,41.796233111504726,-90.2084212728225,34535.53328734485,97.567330966682,-108.06930968095263,31.597360666048928,Storm
1800,41.79694978005,-90.205368295852,34537.12950884036,95.77328973021265,-51.13069790124115,97.00035577751345,Storm
1801,41.796173263629974,-90.20530168881207,34538.72031620611,95.44844194540421,-143.51058265074022,42.52645010368576,Storm
1802,41.796496733305496,-90.20303510958108,34540.36053399518,98.41306734404534,-125.89185784667052,-132.81416213097816,Storm
1803,41.79677777351273,-90.20085338928665,34542.053240370755,101.56238253449287,-112.51607987056671,-190.29733207870973,Storm
1804,41.79935306054516,-90.19408317534183,34543.769375189426,102.96808912005355,130.28438062426682,-128.5754594034658,Storm
1805,41.79990599429385,-90.1913576679645,34545.373875977864,96.27004730638758,170.84951274577975,281.9559152071146,Storm
1806,41.79862982347362,-90.192290369725,34547.06800687273,101.64785369191675,28.504187974838942,-214.19932640056416,Storm
1807,41.79799025699486,-90.19194986280255,34548.680116477684,96.72657629723943,-50.18070264816748,178.6393580089284,Storm
1808,41.798108909363606,-90.1900929181851,34550.38467432275,102.27347070379975,-53.04370852117182,-247.78966901832675,Storm
1809,41.799013768520005,-90.18666355999234,34551.99377450829,96.54601113292587,22.713964371275182,207.07251089762087,Storm
1810,41.80011761685235,-90.1828362234477,34553.67895460515,101.11080581144311,118.37055485740098,-194.92611592178804,Storm
1811,41.799772252188895,-90.18190731289465,34555.397797633945,103.13058172754286,69.10584576498667,-167.69744193861175,Storm
1812,41.798101306296935,-90.18362956479861,34557.01825170074,97.22724400766447,-112.71698617913111,224.44306398311107,Storm
1813,41.798374434397154,-90.1814636687182,34558.69606994643,100.66909474128855,-100.13241890390793,-142.0515920891933,Storm
1814,41.79752565457672,-90.18154158847912,34560.28029467963,95.05348399199679,-199.73864369548016,222.4014204753106,Storm
1815,41.80084070269398,-90.17329185236463,34561.85096204829,94.24004211964333,117.03792528365386,76.39736105440682,Storm
1816,41.80081866892438,-90.17171628002387,34563.494061170335,98.58594732294841,100.10630557553691,-208.77085954530492,Storm
1817,41.79979818267445,-90.17213761264377,34565.14450913826,99.0268780755324,-16.670562164969823,-89.26836759073146,Storm
1818,41.79848727682861,-90.1731397844555,34566.78226204824,98.26517459846384,-162.4893894971934,-8.32170887104553,Storm
1819,41.80194241175242,-90.1646098747279,34568.50251033428,103.21489716208242,168.29586013705415,-275.9645285695833,Storm
1820,41.7995725792325,-90.16772989988777,34570.24685091564,104.66043488187641,-83.41563460248244,-175.4754382765779,Storm
1821,41.79950660462067,-90.1662422092315,34571.87941019462,97.95355673869183,-104.74133853372147,245.06073112762522,Storm
1822,41.800573576650415,-90.16248862529204,34573.52516555076,98.74532136859935,-12.77237830628394,-20.220352236108738,Storm
1823,41.80189088543078,-90.15823436785135,34575.227297586294,102.1279221318711,104.2302569821129,-207.30467759704453,Storm
1824,41.80094492670483,-90.15850664542329,34576.91326761616,101.15820179195774,-5.093858359979691,-42.00887152736419,Storm
1825,41.80153079047809,-90.1557152779968,34578.48102530885,94.06546156150831,38.764276218662445,299.7346219502631,Storm
1826,41.80236822571971,-90.1524207676336,34580.082738763056,96.10280725246722,107.77955763281881,-61.28057818954369,Storm
1827,41.80274792477996,-90.15004172963316,34581.736625918486,99.2332293257362,131.02122090961876,-197.5749820125119,Storm
1828,41.79970684974357,-90.15450423982597,34583.4222340688,101.1364890187385,-187.81452547641595,-177.33097652143618,Storm
1829,41.80109392365027,-90.15011045213261,34585.07669704753,99.26777872393689,-63.835377554296144,6.3484544757359345,Storm
1830,41.80234007641545,-90.1459985067223,34586.634307658074,93.45663663267642,46.05165621647993,246.36343032865307,Storm
1831,41.80206625831896,-90.14492650303531,34588.20027219679,93.95787232289688,3.941603820183076,0.7653867754376051,Storm
1832,41.80037509674753,-90.1466891862982,34589.850403817436,99.00789723898879,-179.90279607080714,-279.0530684062657,Storm
1833,41.80252604698338,-90.14076764594655,34591.47821553143,97.66870283970289,20.463984766548833,-37.09283205099331,Storm
1834,41.803825411143116,-90.13654927774712,34593.156690824304,100.70851757242166,135.67215799211942,-203.59224917289288,Storm
1835,41.80071585863913,-90.14114874287512,34594.81255384098,99.35178100041445,-190.01133515318017,-30.576739241924486,Storm
1836,41.80171316864515,-90.13753448298313,34596.53859275381,103.56233476982521,-105.008577299097,-270.2313759966975,Storm
1837,41.803808929993004,-90.13172332040746,34598.30035583456,105.70578484505319,89.83931473905159,-233.04420002565152,Storm
1838,41.803491097273124,-90.13073934596726,34600.06310075972,105.76469550966765,43.32780000310868,-131.3701498998665,Storm
1839,41.80189908590199,-90.13230372882958,34601.81331676643,105.01296040240678,-130.6015798579912,-72.14908624840953,Storm
1840,41.80455816723294,-90.12536592628771,34603.55301993926,104.382190370076,120.57831048918149,-64.7438538572564,Storm
1841,41.80450274515236,-90.1238571305689,34605.33640322312,107.00299703173165,100.30785968442228,-224.70822192050957,Storm
1842,41.80473803466165,-90.12176691167036,34607.126540031415,107.40820849792591,109.10856786603165,-157.84000505601082,Storm
1843,41.804503803930025,-90.12061573325366,34608.861100497284,104.07362795203996,70.95725195554911,39.46893290459781,Storm
1844,41.80565809270679,-90.11668751582016,34610.59291762032,103.9090273819714,171.65788688467495,-67.60648921481157,Storm
1845,41.802353457020764,-90.12167714731227,34612.38824427794,107.71959945752216,-173.53392446622382,-288.50670866924827,Storm
1846,41.805543512936794,-90.11367739560025,34614.12567400793,104.2457837992286,130.74342438910122,14.841382596859319,Storm
1847,41.80548433732771,-90.11217610693843,34615.88766432331,105.71941892249268,110.09762073397968,-159.3446399930912,Storm
1848,41.8039109785299,-90.11370318465411,34617.70103081984,108.80198979175064,-61.96650179470652,-281.9376766732086,Storm
1849,41.80652389527362,-90.10685771128671,34619.42545073754,103.4651950622045,184.59692982964486,100.72074402048804,Storm
1850,41.80655802875384,-90.1051698044463,34621.17357074842,104.8872006526899,173.28203510372248,-140.7021555425566,Storm
1851,41.805418345275186,-90.10582953152367,34622.84433152753,100.24564674677463,44.58544449026434,107.0999809755827,Storm
1852,41.804389972058786,-90.1062666380765,34624.426079723584,94.90489176319052,-72.98011989696462,208.86554100937803,Storm
1853,41.80705570153683,-90.09931553924044,34625.92495567201,89.93255690545922,178.86458516009913,230.91307061760256,Storm
1854,41.806370606016465,-90.09906609040122,34627.47014290008,92.71123368424755,95.62679037574901,-133.52119216502757,Storm
1855,41.8046880847086,-90.10081149313699,34628.896046622416,85.55422334018172,-87.35358315774731,278.0161922676227,Storm
1856,41.8037500409514,-90.10106794077143,34630.28873512579,83.56131020228398,-195.88620162572317,129.6299839452867,Storm
1857,41.80668117004536,-90.09358604270356,34631.65927613103,82.23246031445873,82.49846502210488,73.61372456987846,Storm
1858,41.807963903206954,-90.0894009365004,34633.067505040635,84.4937345762993,196.04353843474632,-112.87233854176486,Storm
1859,41.805510637705254,-90.09268782762383,34634.54418438437,88.60076062438114,-64.01125448270074,-252.63635823206667,Storm
1860,41.80606922522374,-90.08995101270692,34636.037700357025,89.61095835915931,-22.88074538250501,-143.37088425909116,Storm
1861,41.80581886191375,-90.08883209944693,34637.43888634704,84.07115940071968,-62.645319128942305,200.7430741533766,Storm
1862,41.808334535586624,-90.08218111222122,34638.907469932965,88.11501515570079,174.19380541099827,-188.56015679688863,Storm
1863,41.8062299156862,-90.08477071214212,34640.26313014492,81.33961271740127,-50.996427378613646,257.1783372692364,Storm
1864,41.805134396230216,-90.08534211117411,34641.711516778065,86.90319798858306,-175.27661572431094,-244.58368313317288,Storm
1865,41.80568560877176,-90.08262004621106,34643.11079803794,83.95687559245967,-134.88360431750826,57.12770047612486,Storm
1866,41.80578361632644,-90.08080439122176,34644.41007386921,77.95654987591203,-139.811091597601,280.8458288704401,Storm
1867,41.807115867778926,-90.07652024843682,34645.72523112574,78.9094353918865,-21.31418909659186,0.9107762100998116,Storm
1868,41.80646292656059,-90.07620649099353,34647.04209673089,79.01193630912124,-101.3365536778374,-17.423848539159906,Storm
1869,41.808271229055386,-90.07097024612398,34648.3029170535,75.64921935667158,64.7654530548046,150.70628217242563,Storm
1870,41.80878632928316,-90.06832040578847,34649.55770911401,75.28752363035204,101.54723308396518,46.73466761645301,Storm
1871,41.80953557847977,-90.06520226751529,34650.75178617615,71.64462372865026,161.74390999754291,190.4447083836656,Storm
1872,41.80909361426607,-90.06446655606274,34652.05163220143,77.9907615166604,102.8192458794502,-266.63668699172365,Storm
1873,41.80624021608363,-90.06855371254765,34653.38659155179,80.09756102169099,-197.24881511214028,-172.53163368271623,Storm
1874,41.80901408103788,-90.06138634275919,34654.72002045906,80.00573443640423,65.40943756538093,-53.28150667047251,Storm
1875,41.80811689412689,-90.06156107670121,34655.964958008284,74.69625295308049,-39.03749628027532,230.75213293776824,Storm
1876,41.8102368029097,-90.05570161925563,34657.142175324974,70.63303900161273,158.22513925273552,245.50515843215146,Storm
1877,41.808057346250706,-90.05844089269365,34658.3013880431,69.55276308787481,-74.44876939398908,114.63348764355703,Storm
1878,41.80803564909722,-90.05686464712068,34659.535093025355,74.0222989349635,-91.34672749025215,-185.63410015533015,Storm
1879,41.80783492862899,-90.05564644817717,34660.786679539706,75.09519086084725,-126.14701706105231,-94.73542748184357,Storm
1880,41.8089635117062,-90.05176964214279,34661.96267371655,70.55965061069854,-28.01695208807132,198.56950263304105,Storm
1881,41.80787052802844,-90.05233596961835,34663.10757271068,68.6939396474639,-152.04356261091516,140.9555084369365,Storm
1882,41.80966406573879,-90.0471292543177,34664.309116071316,72.09260163795523,12.581965675722131,-127.23279439440452,Storm
1883,41.809656806847634,-90.04552413222004,34665.542169495675,73.9832054614333,-2.8721661868701744,-120.03475813378643,Storm
1884,41.810217138757935,-90.04278382851949,34666.77758076221,74.12467599209235,38.43278209532238,-39.69364628685349,Storm
1885,41.80863771548078,-90.04432303519384,34668.08363988714,78.36354749564768,-134.2377883684485,-230.05015526658195,Storm
1886,41.81031415852022,-90.03935050923499,34669.28448562382,72.05074420080236,18.678272828852073,241.44781997166206,Storm
1887,41.80965048896564,-90.0390582084642,34670.453537615576,70.1431195050254,-62.416925376925775,139.8000643335739,Storm
1888,41.81105658606664,-90.03462637438223,34671.546542255914,65.58027842042769,63.4645419759068,258.93294858568856,Storm
1889,41.81185314714356,-90.03141361234843,34672.65022905824,66.2212081396147,128.39240691965637,39.963155343277776,Storm
1890,41.811344627494776,-90.03081101176605,34673.68249419322,61.93590809866895,62.81219929364295,239.03187995042094,Storm
1891,41.81046186306766,-90.03095690074032,34674.77637048543,65.63257753265233,-40.192486165226086,-103.92317648533358,Storm
1892,41.80905431469132,-90.03215235761301,34675.80381829044,61.64686830086559,-195.67556654592147,195.93064451487857,Storm
1893,41.812362275585876,-90.02391679594396,34676.934291895675,67.82841631378693,120.39228016134598,-237.32728913990917,Storm
1894,41.81161306473627,-90.02379557776321,34678.05845161083,67.44958290936995,30.742952453080107,-21.61098109986756,Storm
1895,41.80992775402125,-90.02554655931328,34679.08756697354,61.74692176285836,-152.5163617963554,288.3409362364341,Storm
1896,41.81045898361655,-90.02286446024274,34680.232303708086,68.68420407266119,-114.12164501465783,-259.6594919456633,Storm
1897,41.81212687201218,-90.01790904357152,34681.31223927221,64.79613384720167,37.938951800763846,143.3200062798196,Storm
1898,41.810024538705825,-90.02049407030425,34682.37516920436,63.775795929208805,-187.0226215811252,95.2305832362133,Storm
1899,41.812171214852924,-90.0145810781301,34683.530056205265,69.29322005431803,12.916750380581789,-238.04099467497096,Storm
1900,41.81087942528438,-90.01554501738724,34684.6540696462,67.44080645619186,-130.99044922145518,40.78457838964829,Storm
1901,41.811522042658126,-90.01264014275978,34685.69390181856,62.38993034133637,-81.45695459468465,262.98943719078966,Storm
1902,41.81375885554949,-90.00654687709711,34686.66177890901,58.072625426842265,127.49609179362034,290.14032390819784,Storm
1903,41.81166986041482,-90.00910522748647,34687.56778279441,54.360233123846015,-96.13166441983441,281.8341796787862,Storm
1904,41.81250339496566,-90.00581851850482,34688.540513079555,58.36381710863621,-27.506452083376843,-91.48872281174724,Storm
1905,41.81112714002185,-90.00695138851249,34689.608430323286,64.0750346239697,-179.86018921225872,-268.3408452842384,Storm
1906,41.81384106936524,-89.99990388994576,34690.67080555638,63.74251398555931,76.80450237866188,-25.24260333958324,Storm
1907,41.81212639327307,-90.00171360225013,34691.71279749617,62.51951638761899,-109.39134958555772,68.38218379513961,Storm
1908,41.8123790216694,-89.99958870557752,34692.74926966337,62.18833003195905,-98.85675269995554,46.57905260665353,Storm
1909,41.812951706611805,-89.99682369581274,34693.72974997866,58.82881891720442,-56.316501206923874,194.13133596709145,Storm
1910,41.81494493869442,-89.99121759176755,34694.73753724615,60.467236049307964,128.27846430671173,-13.58976112655921,Storm
1911,41.81321271291617,-89.99306240344409,34695.779286393095,62.504948817139635,-59.672356265993756,-82.46412206454329,Storm
1912,41.815179577008976,-89.98750903537852,34696.85428484395,64.49990705106157,122.28581026728716,-103.09231032143279,Storm
1913,41.81294023882861,-89.9903680718593,34698.006906787145,69.15731659188064,-116.3762505172616,-249.1869948748159,Storm
1914,41.814118056244794,-89.98639279714696,34699.141401405504,68.06967710162574,-13.32275164623664,-10.720740648094875,Storm
1915,41.81576220103034,-89.98148486769591,34700.32699399238,71.13555521258901,136.3634841611629,-167.25678213236162,Storm
1916,41.81406981371088,-89.98325000245487,34701.431408001146,66.26484052610257,-47.60349053264002,185.04344333621458,Storm
1917,41.81598762548668,-89.97779473902331,34702.56909423384,68.26117396156062,129.4494442995894,-69.23335441273909,Storm
1918,41.814676909564305,-89.9787965309881,34703.73639856191,70.03825968412121,-16.350390685327653,-118.02846549043025,Storm
1919,41.81671791541231,-89.97309487941213,34704.964313699646,73.67490826422801,173.0219513677248,-228.81374055505182,Storm
1920,41.81686997601812,-89.97117111832056,34706.1272290753,69.77492253910012,173.499769200588,110.31987110120593,Storm
1921,41.81540854936433,-89.97247433174817,34707.38288927804,75.3396121642556,12.62886107469248,-280.4045635293025,Storm
1922,41.81533192794835,-89.97100793470017,34708.6224675915,74.37469880770561,-9.761523271196694,-55.35113699836063,Storm
1923,41.814221700856436,-89.97160874900403,34709.812192346806,71.38348531837005,-135.512475209951,93.84576210039415,Storm
1924,41.817608711665486,-89.96321508750599,34710.98452851067,70.34016983195755,188.4603629473143,37.313286638715056,Storm
1925,41.81673040356927,-89.96335206381846,34712.23553454668,75.06036216033739,85.90131057757833,-258.9297284603899,Storm
1926,41.81568934087423,-89.96381454932856,34713.52924687792,77.62273987480405,-32.93320167320212,-230.1849089013025,Storm
1927,41.81661713866058,-89.9603393138759,34714.699392750445,70.20875235127298,45.11833421460415,263.0892949284928,Storm
1928,41.816960348675806,-89.9580332539655,34715.96077444871,75.68290189561486,64.71109298865542,-253.91817101134708,Storm
1929,41.815879184993335,-89.95857594145048,34717.17651142518,72.94421858865773,-58.13351800596686,30.39802766451089,Storm
1930,41.816220633625406,-89.95627340430639,34718.312292391114,68.14685795581228,-38.7168975466991,200.18640628510343,Storm
1931,41.81801376904719,-89.95106749358285,34719.42989810614,67.05634290112746,125.86840188399566,67.09861206193284,Storm
1932,41.81639619923635,-89.95268299332456,34720.59291218346,69.78084463956786,-50.616821946917895,-146.7981757420535,Storm
1933,41.81547314715615,-89.95290945760502,34721.763216742,70.2182735123509,-157.65027271474827,-87.06138990806758,Storm
1934,41.8168496223796,-89.94853686727815,34722.879713380076,66.98979828437547,-34.7309931169122,105.49375506244417,Storm
1935,41.817976854035436,-89.94466276408652,34724.08039255284,72.0407503655466,63.26392971902936,-257.93511621524584,Storm
1936,41.81707253442745,-89.94485176342253,34725.31163112729,73.87431446729708,-41.8962738275369,-190.93267966958285,Storm
1937,41.81626603041447,-89.94484513156854,34726.446016156326,68.06310174205356,-137.27491787327773,196.38128984234754,Storm
1938,41.815953722887535,-89.94385010674243,34727.59844466387,69.14571045261593,-183.233913313497,-48.490274458727214,Storm
1939,41.81660615907121,-89.94092559449513,34728.65881041557,63.621945101777904,-132.7185376933927,227.59812940708446,Storm
1940,41.818308788928725,-89.93590069490014,34729.78219761465,67.40323194508592,22.816205310014055,-161.17161817389118,Storm
1941,41.81823761845177,-89.9344233959741,34730.83732164615,63.30744188971527,0.9709148665505722,138.8918158218695,Storm
1942,41.82020766376626,-89.92886366546516,34731.951579047956,66.85544410841612,183.2472035677735,-167.73239745274864,Storm
1943,41.820067201246566,-89.92752495062457,34732.95672483672,60.30874732554748,154.47270885173805,260.5824685004942,Storm
1944,41.82033543876366,-89.92536883571043,34733.94955945256,59.57007695062021,166.5682178128265,81.2486141171459,Storm
1945,41.81933632163074,-89.92574743009631,34734.96528900861,60.943773363129054,51.928261773883065,-58.07362008970634,Storm
1946,41.8199739129697,-89.92285260753843,34735.96690469613,60.09694125114686,100.95915292151517,18.776411010559173,Storm
1947,41.81982135615287,-89.92153808129213,34736.98096002631,60.84331981102368,70.97522849131781,-42.92525769072273,Storm
1948,41.82018487215161,-89.91919140941471,34737.92287241635,56.514743402382535,92.59858561725565,194.68291056272943,Storm
1949,41.81799191374932,-89.92195768633931,34738.81231583931,53.366605377330345,-141.42549735887354,199.7578293445368,Storm
1950,41.81971463727754,-89.9168925994029,34739.65124521478,50.33576252831858,16.118612716122897,206.7995454541346,Storm
1951,41.81942594040323,-89.91585035327158,34740.53707585215,53.149838242334845,-27.479317463594157,-72.57570877017898,Storm
1952,41.82150825893541,-89.91006607632725,34741.47276552884,56.14138060110253,166.02429300688897,-149.2984394709592,Storm
1953,41.82137214773396,-89.90871865885019,34742.4023875708,55.7773225178496,137.68493011445725,-9.587656494357532,Storm
1954,41.8201989626305,-89.90944538917716,34743.370604404525,58.09301002326965,5.638177020503889,-114.91903110630957,Storm
1955,41.820582032090236,-89.90705961037771,34744.363697007924,59.585556203860996,29.21688024760627,-104.8732822342732,Storm
1956,41.81859422337221,-89.90941558793381,34745.390721071126,61.62144379194239,-184.2922343033391,-136.80083679338637,Storm
1957,41.81860994431634,-89.90776450616559,34746.30524299739,54.871315575876,-197.44838263736372,287.01287223411396,Storm
1958,41.82259469940947,-89.89817535609937,34747.26096393528,57.343256273411434,186.298883927899,-62.906821516616986,Storm
1959,41.82179247641503,-89.8981601622083,34748.24087221858,58.79449699783081,91.34834173585841,-92.51634095374501,Storm
1960,41.82171064805348,-89.89670417905143,34749.148871181394,54.47993776900723,68.43726283439042,183.25802582758746,Storm
1961,41.822960582831385,-89.89258466961566,34750.08990474149,56.46201360584732,178.7024978768963,-59.87263449019679,Storm
1962,41.822454032211915,-89.89197813097464,34751.071725040856,58.909217961729084,113.3191931824191,-140.44292962072873,Storm
1963,41.82342945192275,-89.88840765167302,34752.13346501985,63.704398739284535,196.13292151745935,-284.5382407413893,Storm
1964,41.822029520361056,-89.88958787491644,34753.1320890148,59.91743969712681,41.41152260044839,95.70358899079628,Storm
1965,41.82251486979082,-89.88699753617695,34754.20555734832,64.40810001163423,75.21822282965155,-227.7674527265466,Storm
1966,41.82366408912389,-89.88307945763086,34755.31386734933,66.49860006028908,175.41191338925216,-191.2900325699503,Storm
1967,41.82254826603043,-89.88369146393781,34756.4480670803,68.05198385811582,49.10136129593644,-166.39435252614902,Storm
1968,41.82143340051304,-89.88430155509263,34757.54268440307,65.67703936641577,-77.11343319149164,27.875125036874635,Storm
1969,41.822020590946686,-89.88150753434539,34758.69079453783,68.88660808579166,-33.122632574169415,-203.86463941409625,Storm
1970,41.821182845309586,-89.88156338573963,34759.82077517567,67.79883827017395,-131.62543903166068,-49.11312710232022,Storm
1971,41.82367551404048,-89.87495840839787,34760.84812935255,61.64125061261528,102.91319131020032,238.7787881086731,Storm
1972,41.82113017520389,-89.87842944619109,34761.90096500819,63.170139338979624,-166.34893509624686,-64.13765546435937,Storm
1973,41.82134192923722,-89.87638629824447,34763.03206902519,67.866241019659,-159.90177451084935,-290.04451162044126,Storm
1974,41.82373510414038,-89.86998030855818,34764.102641239646,64.23433286753442,64.68747305758262,61.4696651799527,Storm
1975,41.82188758829254,-89.87205570037392,34765.21440434553,66.70578635304263,-134.7923544740455,-159.71230014416153,Storm
1976,41.821477625279336,-89.87125598652037,34766.22879151643,60.86323025393773,-190.51689854219265,200.96832341664225,Storm
1977,41.82542883907642,-89.86173391904622,34767.31727172431,65.3088124728065,189.8762384194206,-218.72427792318553,Storm
1978,41.82260325997477,-89.86576543736957,34768.2990528211,58.90686580750555,-107.40991449388075,221.04571436816047,Storm
1979,41.825530496739006,-89.85829132396114,34769.30149046839,60.146258837171295,170.58551918247394,-48.223570315913804,Storm
1980,41.822174413863735,-89.86338384983172,34770.3807592725,64.75612824653666,-179.75101109237033,-276.36489978430836,Storm
1981,41.82441500586641,-89.85728302594642,34771.444509736786,63.825027857381876,29.57994642760417,-64.2629346640926,Storm
1982,41.82238109853993,-89.85973120071942,34772.46976937053,61.515578024738545,-188.5390289689382,49.95143538753405,Storm
1983,41.82245898140344,-89.85795579511242,34773.426136981834,57.38205667805489,-195.478985364391,172.42317488956377,Storm
1984,41.823786784975375,-89.8536805480886,34774.476461067585,63.01944514510338,-77.42687091865137,-275.84519819446075,Storm
1985,41.82506174499597,-89.84951098816745,34775.51156891915,62.106471094096186,35.34088839326134,-61.389351340167195,Storm
1986,41.82675082019294,-89.84451319789355,34776.51739702777,60.34968651705066,189.5201653428598,26.51919750222129,Storm
1987,41.82410385769114,-89.8481874830172,34777.46883403352,57.08622034520911,-89.90432758519668,125.66331878038488,Storm
1988,41.82423615140464,-89.84630325571024,34778.3376031705,52.12614821855363,-91.40319898291547,242.54597484453905,Storm
1989,41.82479635370397,-89.84356321123161,34779.20878551683,52.27094077985709,-50.111211797049435,29.92113766572311,Storm
1990,41.82364704066472,-89.84424219743016,34780.09253001541,53.024669915050026,-179.77075847030846,-44.32725722866152,Storm
1991,41.82692148483554,-89.83607366920856,34780.90673978492,48.85258617033033,132.945415864398,183.38928321800518,Storm
1992,41.82463658733978,-89.83902382432011,34781.78786016628,52.86722288181244,-110.2725764585895,-164.35255739366238,Storm
1993,41.8271558167807,-89.83236572555832,34782.56619885599,46.70032138249344,126.92212488529469,258.23905210159535,Storm
1994,41.82441532164441,-89.83622707595093,34783.37407178383,48.47237567073096,-161.85563149079857,-29.96481634426482,Storm
1995,41.82553097750265,-89.83237612435448,34784.1055515384,43.888785274348784,-65.01828841430842,222.4130732744636,Storm
1996,41.82466254247299,-89.83249335453385,34784.915305016584,48.58520869116959,-166.5900341279925,-173.32443446517755,Storm
1997,41.8274855985921,-89.82522760241568,34785.80243308619,53.227684176062716,100.98733503459772,-269.2236906112706,Storm
1998,41.826593149192085,-89.82539286133574,34786.67594813322,52.41090282171853,-2.98584771428429,-34.73577919216797,Storm
1999,41.82610789481266,-89.82474373021465,34787.56184664097,53.15391046506568,-66.23952840450053,-63.25661080864572,Storm
2000,41.827037334871896,-89.8212652102162,34788.50364047004,56.50762974367871,11.976234772093164,-203.17958496697014,Storm
2001,41.82735283846478,-89.81901456315046,34789.35846193087,51.28928764987988,28.79835131343711,183.2593975799918,Storm
2002,41.828252781098286,-89.81559503800351,34790.28911574245,55.839228695146915,104.06437191606364,-207.66005718373577,Storm
2003,41.82595641768557,-89.81856812494898,34791.2403658973,57.075009290735636,-140.30021210341044,-139.095379353052,Storm
2004,41.82695100113945,-89.81495931816126,34792.186824383934,56.78750919818672,-55.57010946358511,-54.926651154910445,Storm
2005,41.82837277352889,-89.81049613350243,34793.20458874473,61.06586164763259,71.8788867333381,-265.9917407004988,Storm
2006,41.82593995790593,-89.81374212486837,34794.20656132007,60.11835452033419,-186.13091830957345,-64.85366223365457,Storm
2007,41.828737204285055,-89.80652799223016,34795.24684356212,62.41693452287257,78.86547685519218,-183.93879422611047,Storm
2008,41.82866184986901,-89.8050590611823,34796.300873167165,63.24177630289261,56.6017925025007,-144.10311723582032,Storm
2009,41.82978745880671,-89.80118820342693,34797.242706752535,56.51001512224548,154.43444352540655,237.41396655996994,Storm
2010,41.82757954561606,-89.80398438992827,34798.23969498735,59.81929408876476,-81.0851182874694,-162.0037476220557,Storm
2011,41.82818289511467,-89.80115805105109,34799.25842054529,61.12353347627663,-35.47841117350748,-155.68104889191076,Storm
2012,41.829374497027054,-89.79715520734636,34800.18018622457,55.30594075707116,68.95353731668143,195.6388107289713,Storm
2013,41.829524612605006,-89.7952353363105,34801.036273646736,51.36524533011896,69.23685236448682,194.61026834960967,Storm
2014,41.82856749515767,-89.79552993132522,34801.96525128675,55.73865840056517,-41.20313511701033,-206.20981757468348,Storm
2015,41.830078612725906,-89.79088805630879,34802.8934824945,55.69387246537462,95.18037895903689,-83.71529691506768,Storm
2016,41.82995917466471,-89.78950729255122,34803.84691192004,57.20576553196016,68.50833009165302,-137.6136348109406,Storm
2017,41.82774629233049,-89.7923134173397,34804.675154456985,49.69455221674667,-167.50814607733093,295.549077292658,Storm
2018,41.82819346225046,-89.78979943761979,34805.41759190832,44.54624708035241,-137.5193968277603,293.05259637808865,Storm
2019,41.83162505837648,-89.78131660548779,34806.1196749526,42.124982656657544,190.9119730265789,176.29086234482378,Storm
2020,41.83050091292202,-89.78194525651676,34806.82006176712,42.023208871120254,63.769184832799056,46.68423015065082,Storm
2021,41.83147490968268,-89.77837762311547,34807.56777663857,44.86289228706745,146.4406181511339,-126.33628702830723,Storm
2022,41.83002851077859,-89.7796507810437,34808.28130598587,42.81176083788781,-12.927515006049191,71.63398161990114,Storm
2023,41.829949830259594,-89.77818850220171,34809.014775376454,44.00816343509006,-35.52380965220357,-43.508127545839216,Storm
2024,41.8297734894536,-89.77692154393375,34809.73136747256,42.99552576629944,-67.88613299916625,38.53909001072162,Storm
2025,41.832001931323134,-89.77084502031472,34810.51025299391,46.73313128101731,140.2298112060464,-179.0829731962123,Storm
2026,41.832484647793564,-89.7682599474939,34811.23421661809,43.43781745078427,173.77321550137657,113.45259224893778,Storm
2027,41.83218729091675,-89.76723502136758,34811.95354446462,43.159670791771056,129.30928507201207,33.71441557800699,Storm
2028,41.83215954729919,-89.76567086872272,34812.771098064615,49.05321599984782,111.80668056962537,-290.27976159631964,Storm
2029,41.83246228462009,-89.76344575420096,34813.65240749097,52.87856558101644,127.35216991181409,-275.9166845487801,Storm
2030,41.8328956988539,-89.76095928585339,34814.402580665424,45.01039046744858,155.965350545145,295.177648343186,Storm
2031,41.83065959762463,-89.76381184843197,34815.22646408484,49.43300516465129,-82.37301512928887,-173.8088662285238,Storm
2032,41.83269206365884,-89.75812727648359,34816.07812898878,51.09989423648708,106.14534554321631,-148.18419544784805,Storm
2033,41.83324014216357,-89.75541147959419,34816.98686895689,54.524398086450674,146.2249532688814,-238.29444470551397,Storm
2034,41.83042899584387,-89.75941413235361,34817.76646340209,46.77566671216112,-149.6179214482567,287.49093306036934,Storm
2035,41.83276781307891,-89.75311685800357,34818.488515376994,43.32311849406191,69.53555930800184,208.1323346573717,Storm
2036,41.831517057422715,-89.753998729436,34819.186330518256,41.86890847577437,-70.26824905939279,105.89024971236267,Storm
2037,41.83274398965002,-89.74992522510144,34819.86958689836,40.995382806229415,37.69673092343888,61.89007207376818,Storm
2038,41.833244434606414,-89.74730469530869,34820.54189283131,40.338355976582726,73.0129838150886,45.21550387745913,Storm
2039,41.83237783667295,-89.74741825129567,34821.26272145918,43.24971767236668,-28.375052278933623,-134.44638337167189,Storm
2040,41.83388319494686,-89.74278789486787,34822.025948104296,45.793598707194036,107.43253236528079,-164.23654199808828,Storm
2041,41.8337255692753,-89.74148350633102,34822.82457648254,47.91770269458501,76.94172246176566,-160.00030641040402,Storm
2042,41.83360475515798,-89.74010549468572,34823.553092454385,43.710958310594684,50.132067981781546,148.24696027741737,Storm
2043,41.832125572461266,-89.74144422019918,34824.37489222661,49.30798633336356,-112.51444443738433,-264.03401948321505,Storm
2044,41.83192189430509,-89.74023193663157,34825.14559159772,46.2419622667947,-147.61050280233036,63.59818036261527,Storm
2045,41.83494306738549,-89.73256995059081,34826.003118662535,51.45162388902852,139.77856249029423,-273.0019072587454,Storm
2046,41.83462916922423,-89.73157810703337,34826.85858837238,51.32818259061084,93.6605036166585,-95.20881242996873,Storm
2047,41.833753960095216,-89.73170888541144,34827.60616978733,44.854884897235415,-8.588652032190993,257.31572990733935,Storm
2048,41.83331501506196,-89.730967135598,34828.37062020026,45.86702477555507,-67.2113981056618,-20.797839636308368,Storm
2049,41.83218914112954,-89.73159924358288,34829.20859185143,50.27829907005151,-194.52703409572757,-251.04076799709696,Storm
2050,41.83331606026251,-89.72772576543697,34830.10937444853,54.046955826378614,-96.56336354608639,-283.2886555073554,Storm
2051,41.83495447762964,-89.72282929082276,34830.98583963745,52.587911335054514,52.55013041930039,-44.16098591902647,Storm
2052,41.83476883956383,-89.72158092707441,34831.905992786764,55.209188958863244,19.258081091208822,-195.2116884622023,Storm
2053,41.833907269298145,-89.72168442772582,34832.75818506831,51.13153689288721,-81.62718822535355,98.29468491163504,Storm
2054,41.8367320345024,-89.71441525743737,34833.689879262776,55.90165166765713,186.12108945215994,-269.7499358386745,Storm
2055,41.83657964331877,-89.71310039992466,34834.56463227161,52.48518053017301,156.15372834210643,46.12872078672507,Storm
2056,41.83542106672985,-89.71379791322254,34835.42314902861,51.51100542003178,25.567826702249477,0.1671211246562052,Storm
2057,41.833590247233914,-89.71583991233445,34836.345516808586,55.342066798608116,-172.24236563832665,-246.0738889583036,Storm
2058,41.83586360134041,-89.7096735642415,34837.259744896946,54.85368530160226,40.36480226363443,-95.42485713866503,Storm
2059,41.83727630801156,-89.70522851101923,34838.16315809311,54.204791769901234,166.90722663107226,-56.04567758431665,Storm
2060,41.83432764400754,-89.70950619914733,34838.99738101867,50.05337553367295,-142.68741651894356,128.8313001012216,Storm
2061,41.83507521428597,-89.7063914187105,34839.81790588559,49.23149201511238,-82.65863142359606,15.282184413535902,Storm
2062,41.83684041416969,-89.70124137906308,34840.54297530815,43.50416535368697,79.13311420206799,240.15846672124223,Storm
2063,41.83736513023436,-89.6985723070538,34841.23988261508,41.8144384160926,116.87647792067042,105.81664072363446,Storm
2064,41.83706218061221,-89.69755856641814,34841.847682914646,36.46801797363187,71.85327295805746,267.55478641925197,Storm
2065,41.83567422670009,-89.6987148343624,34842.573273855036,43.53545642323145,-81.67036100138559,-299.3327434822876,Storm
2066,41.835726030975174,-89.6969915859323,34843.32588248228,45.15651763448072,-91.21817624072052,-169.2651722239536,Storm
2067,41.83743283350552,-89.69195834099165,34844.028652012,42.16617178341467,64.73383404559928,80.22695985931745,Storm
2068,41.83730662312335,-89.69059112187601,34844.82551192952,47.81159505135439,37.38455308188952,-290.2539340743278,Storm
2069,41.83799517223781,-89.68759438376713,34845.62256011503,47.82289113058046,91.511221780259,-105.88175250870509,Storm
2070,41.83788756640351,-89.68618995555578,34846.38525082392,45.76144253349083,66.02239560265247,33.94705710129199,Storm
2071,41.83674554857667,-89.68685435132949,34847.209853913555,49.47618537794915,-62.907629828837116,-219.25423973753536,Storm
2072,41.83589958289308,-89.68692664281673,34847.93486237769,43.50050784813844,-162.23244093580763,198.9109998673341,Storm
2073,41.83934277989824,-89.67842060892644,34848.6323423248,41.84879682668558,167.35901683262318,89.87282805857973,Storm
2074,41.836230208616826,-89.6830261116093,34849.34659483135,42.8551503931409,-158.62635405580664,-58.78366986705558,Storm
2075,41.83887951138529,-89.67610786619242,34849.99059435497,38.63997141675377,91.57568004206291,167.89253040604086,Storm
2076,41.836583911501506,-89.67907942608002,34850.74088684982,45.01754969111906,-152.71255108356456,-299.98156869277057,Storm
2077,41.839106867623336,-89.6724138739564,34851.486257015975,44.72220996964749,84.85481835224198,-86.04229440827663,Storm
2078,41.837423527193764,-89.6741609149356,34852.30990256204,49.41873276404812,-98.2074673526959,-292.2615181262847,Storm
2079,41.83871408192181,-89.66996016559953,34853.02385399862,42.837086194625044,16.11976270459988,210.69044125558906,Storm
2080,41.84053069330733,-89.66470730294853,34853.7273990684,42.21270418699379,183.05265850903515,39.446970367973506,Storm
2081,41.83890529446068,-89.66633846076188,34854.5059048441,46.71034654226186,5.784531095957675,-248.96616870645533,Storm
2082,41.839190222783365,-89.66414896423655,34855.27494978903,46.14269669586186,19.549120617039904,-72.01255262076322,Storm
2083,41.839570555128205,-89.6617686596669,34856.04513377568,46.21103919878708,42.854112353430764,-66.76419127407198,Storm
2084,41.83825049292595,-89.66278914419146,34856.87526232766,49.807713118689804,-103.8803506198533,-243.02083486297408,Storm
2085,41.83869625263797,-89.66027798488744,34857.74822816111,52.37795000683925,-74.0326221644417,-242.01309942734864,Storm
2086,41.83829144909039,-89.65946795210264,34858.48209736441,44.03215219785199,-129.24121967040642,292.40169514772754,Storm
2087,41.8395075579422,-89.65541609451908,34859.21469496714,43.95585616346469,-22.358577237352563,19.123059903009903,Storm
2088,41.841372900257,-89.65006577000952,34859.83476067889,37.20394270495916,149.44741149488613,297.3413402944127,Storm
2089,41.84035656636691,-89.65047879790974,34860.406243011385,34.28893994996931,33.0857797378726,187.48429262650296,Storm
2090,41.83948075509435,-89.65061078057491,34861.02721048835,37.25804861759816,-69.2235902653299,-116.55362553162533,Storm
2091,41.839931088308454,-89.64809047426672,34861.59991355229,34.362183836258666,-38.918511602175926,103.50435760418947,Storm
2092,41.84119632260897,-89.64394036578572,34862.21418795087,36.856463914889,72.8766757020395,-110.85633921032951,Storm
2093,41.83914767797597,-89.64641801517178,34862.78881932191,34.47788226246218,-146.71603034534854,79.43775387930515,Storm
2094,41.83927542415566,-89.64454288293244,34863.35029553797,33.6885729635957,-148.6696551244942,47.09550493759804,Storm
2095,41.84168309164661,-89.63810790807058,34863.87294021391,31.358680556053226,77.36885122252357,120.366897836671,Storm
2096,41.84207057400449,-89.63571330347486,34864.33004147948,27.42607593454918,101.38884426383868,223.71565293939875,Storm
2097,41.841203803957185,-89.6358272036895,34864.762133940756,25.925547676586017,-0.016403214084618867,138.1495137177427,Storm
2098,41.84182794135827,-89.63295928900737,34865.2742422762,30.726500126860756,47.669094146334686,-188.01603612139047,Storm
2099,41.83960129142376,-89.63579294899644,34865.818498660105,32.655383034342144,-189.72414205223674,-129.27516859383974,Storm
2100,41.84141795009711,-89.63053999176978,34866.32958711644,30.665307379978223,-22.786517464952226,70.26356665719379,Storm
2101,41.84319293502125,-89.62537038204154,34866.90750162824,34.6748707080464,139.98373220128212,-182.2525699763006,Storm
2102,41.840442579286304,-89.62925145363147,34867.376262962905,28.125680080097617,-149.78008404060915,278.08796848459656,Storm
2103,41.84051984079169,-89.62747729074073,34867.872366120464,29.766189453596702,-156.78217624943716,-12.905357935686482,Storm
2104,41.84257719989684,-89.62174293265048,34868.36151341286,29.348837544119313,34.22549151732076,24.824652544462936,Storm
2105,41.84072635603727,-89.62382498048966,34868.94351616918,34.920165378948795,-165.5871371868227,-265.7838515978284,Storm
2106,41.84095144354646,-89.62175516559132,34869.48569850695,32.53094026603801,-157.8066290155857,51.35261032356749,Storm
2107,41.84285417181463,-89.61633006917502,34870.08261594155,35.81504607614605,17.737955053728427,-159.75552477795344,Storm
2108,41.84337517125895,-89.61366843040642,34870.59830478975,30.94133089209758,55.10965673823662,192.04050123338965,Storm
2109,41.841137672958425,-89.6165237871275,34871.12705464761,31.724991471057894,-183.3684160613625,-1.1220338711745512,Storm
2110,41.843875881194926,-89.60942773077454,34871.703964864595,34.61461301925916,75.72416484107612,-148.61284375818775,Storm
2111,41.84249700559517,-89.61056584209409,34872.24292764273,32.33776668811163,-76.89163788274035,68.18274179363027,Storm
2112,41.84500494557525,-89.60393032225399,34872.72195572234,28.741684776820286,159.17411737749478,185.95465218173962,Storm
2113,41.84389300770534,-89.60453455811383,34873.16949766203,26.852516381142653,33.252087639833405,138.1330306543495,Storm
2114,41.84316705913725,-89.60436681537004,34873.602674572285,25.99061461527451,-54.071011916880536,84.57931685925462,Storm
2115,41.8437197780484,-89.60164173766779,34874.10919246521,30.391073575201304,-13.527363548977206,-186.03831812546343,Storm
2116,41.84480928720688,-89.59784307947088,34874.5916972255,28.950285617482464,80.69530955090289,33.878782409293194,Storm
2117,41.843584102866664,-89.59867380827134,34874.995507205924,24.228598825226523,-56.55136721856343,246.8035140471784,Storm
2118,41.842380635437635,-89.59946110324945,34875.460285602676,27.88670380518665,-191.6263528693067,-110.53610925030239,Storm
2119,41.84267170698491,-89.59725932027493,34875.86700629354,24.403241451854278,-177.24744088894138,159.9163897329763,Storm
2120,41.845399893637726,-89.59018330708933,34876.32532166165,27.498922086341885,80.84298164551706,-101.18866875820979,Storm
2121,41.84544139785758,-89.58848065876968,34876.80065447035,28.519968521991423,70.2651608828292,-62.43766428243009,Storm
2122,41.845911043841916,-89.58592172692104,34877.28244954748,28.90770462750141,102.50151656897373,-27.489802357976373,Storm
2123,41.844682430015034,-89.58675931469485,34877.67609744843,23.61887405703439,-35.08810886733377,260.8379492929806,Storm
2124,41.844184109930744,-89.58613631498348,34878.170813376746,29.682955698906206,-99.6483600437199,-227.73159600206074,Storm
2125,41.845666048411694,-89.5815527981416,34878.55581401211,23.10003812177431,33.81724530378327,281.5930873705073,Storm
2126,41.84498651524104,-89.58129222460295,34879.05540623263,29.975533231233833,-48.864314509125336,-262.77794182273107,Storm
2127,41.844979661882846,-89.57968629143939,34879.53521146737,28.788314085005357,-64.27789307617303,3.558992591735091,Storm
2128,41.844417415267614,-89.57919114478989,34879.98400772917,26.927775707476975,-135.2307973471145,94.86133083389524,Storm
2129,41.8479080032246,-89.57059032899595,34880.451517495065,28.050585953723186,199.09975560408026,-28.95631441113369,Storm
2130,41.84548320232295,-89.57382029091929,34880.938070320044,29.19316949878262,-58.10857730791494,-59.57749989932003,Storm
2131,41.84467215523709,-89.57382274521105,34881.3433085735,24.31429520725332,-153.94152864191955,229.96416085573424,Storm
2132,41.84601815557307,-89.56951110465913,34881.79228526362,26.938601406808047,-34.069737791459204,-67.63535314509522,Storm
2133,41.84714489647018,-89.56563798298495,34882.25058690294,27.49809835953118,63.87610917218973,-34.779947441325874,Storm
2134,41.84724635168117,-89.56381543268301,34882.79565244665,32.70393262242964,59.29338752313839,-263.1322259215275,Storm
2135,41.84805559360831,-89.56057730894878,34883.229158498834,26.010363131141077,125.48933748889095,264.30237172764157,Storm
2136,41.84754304420552,-89.55998276787439,34883.59206360753,21.774306521865412,59.5061544637544,272.73955731528645,Storm
2137,41.84570099434584,-89.56204722771379,34883.9860894848,23.641552636075055,-139.42707425201468,-13.550286311787772,Storm
2138,41.847649774451625,-89.55653002762226,34884.3687785356,22.96134304800395,40.722693578178905,49.04198845271202,Storm
2139,41.846995677059674,-89.55621858252621,34884.793981192815,25.512159432806527,-39.41528836438272,-97.14935438024318,Storm
2140,41.846044408461,-89.5565014798436,34885.237702448554,26.623275344199754,-149.27039097983248,-64.95452966263309,Storm
2141,41.84633503805869,-89.55430058076826,34885.631928455005,23.653560387239253,-134.93567395780593,140.61940589533106,Storm
2142,41.84666700096772,-89.55201701507023,34886.12941648429,29.849281757121126,-116.46762580216401,-264.86081682927966,Storm
2143,41.84818842420449,-89.54735452871674,34886.587401126635,27.479078540735657,20.94645512689374,57.137839631640986,Storm
2144,41.84961389432582,-89.54288394859411,34887.03403935848,26.798293910395657,148.76522451220222,46.18896745060914,Storm
2145,41.84765544792307,-89.54518120151967,34887.424092778696,23.403205212925716,-61.80765851062171,181.8071289157923,Storm
2146,41.8485819225084,-89.54170861246904,34887.91586724866,29.5064681978405,16.11155727496842,-252.43182922128494,Storm
2147,41.84883149160437,-89.53958983439712,34888.30621327777,23.420761746649582,26.340224125298676,244.81112725299738,Storm
2148,41.84830062229259,-89.53903193314073,34888.75881285938,27.15597489657122,-41.474949800711784,-122.20451886011995,Storm
2149,41.847436532046146,-89.53914047375366,34889.27306921208,30.85538116210425,-142.61221719279197,-209.13268683878562,Storm
2150,41.84874102258292,-89.53491185280015,34889.74926647707,28.57183589903834,-26.891406263272444,57.40789449691772,Storm
2151,41.84747968069371,-89.53581489669862,34890.13911189791,23.39072525051659,-167.75383793215929,263.74115341509946,Storm
2152,41.850325035970286,-89.52850454626551,34890.53383708694,23.683511342061042,102.05344697807834,51.97435097019758,Storm
2153,41.85076553861173,-89.52600390110264,34891.02024319465,29.184366462684405,131.3754683755963,-251.88794591273202,Storm
2154,41.84950642186639,-89.52690249471338,34891.46062116672,26.422678324133514,-9.264448906750232,78.05587611699804,Storm
2155,41.8510609604074,-89.52217377775139,34891.849777800104,23.349398002948085,131.4611624473157,170.0817360295606,Storm
2156,41.84900190820926,-89.52467224226771,34892.166154873135,18.982624381846282,-89.17230011464015,264.52810173552257,Storm
2157,41.84853829700361,-89.52397982479907,34892.434784641526,16.11778610350238,-150.26166342765185,225.08017117269128,Storm
2158,41.85207195706378,-89.51529286479877,34892.79678629271,21.720099070995264,188.3760998418474,-193.70788606642466,Storm
2159,41.851223742749646,-89.51536965354705,34893.24408690585,26.83803678842582,88.82642568151414,-275.8286887332009,Storm
2160,41.85010445222086,-89.51598859472467,34893.669063320966,25.498584907100728,-37.83086994433802,9.76997951860443,Storm
2161,41.85095262425142,-89.5126726107836,34894.00829178133,20.353707621846894,32.258090363853626,261.56234894913575,Storm
2162,41.85146632852444,-89.5100255623576,34894.37642169621,22.087794892939534,68.90027491767785,-11.23322926845782,Storm
2163,41.852163308347805,-89.50701196283092,34894.65878391386,16.941733059054652,123.87001450635574,270.3196925726454,Storm
2164,41.849160155224936,-89.51139862919668,34894.87429721378,12.930797995150463,-191.17354052708367,289.5127633536232,Storm
2165,41.84956370161394,-89.50897189653871,34895.063051590594,11.3252626090201,-165.54714437452787,188.6320675612568,Storm
2166,41.85048779449537,-89.5055040708959,34895.35728942437,17.65427002675325,-87.86609897943501,-220.69220534767695,Storm
2167,41.85127316047149,-89.50231369906369,34895.61886723205,15.69466846097154,-24.057744114466033,86.37394766856812,Storm
2168,41.85118482772021,-89.5008707246863,34895.98884819353,22.198857688432174,-47.61926199061,-267.2607550303806,Storm
2169,41.85220614732623,-89.49720844559431,34896.26512770652,16.576770779856886,39.78445586348664,241.44196566640483,Storm
2170,41.851488446658855,-89.49702420704908,34896.62644531464,21.679056487207674,-46.71385362109933,-170.20033342150379,Storm
2171,41.851873177006276,-89.49463510647428,34897.07204714308,26.73610970649289,-22.969061626873838,-270.98237337073147,Storm
2172,41.85353210038794,-89.489697619831,34897.432627750095,21.63483642078822,128.19503379210994,195.80448657011203,Storm
2173,41.852749434331216,-89.48964331206449,34897.840788890426,24.489668419715393,35.200185371851376,-88.1382666369663,Storm
2174,41.853743848362754,-89.48603484412145,34898.233365762346,23.55461231532179,119.91334577831333,32.81221487302031,Storm
2175,41.85399572656665,-89.4839114478337,34898.60421047099,22.250682518906636,130.3729234200065,78.87527554981239,Storm
2176,41.85397690165277,-89.48232945778149,34898.964614176904,21.624222354609785,113.7621892851189,59.137795930655955,Storm
2177,41.85264312646026,-89.48337736828655,34899.24189270055,16.636711418785257,-34.34357271373352,274.7675159556825,Storm
2178,41.85329829991439,-89.48044738149834,34899.527624512724,17.143908730598707,16.445529951537907,63.05371112432306,Storm
2179,41.85216307760001,-89.48109818624714,34899.80286352635,16.514340817498425,-111.8049442341003,75.39047365636588,Storm
2180,41.85371484006776,-89.47637502143168,34900.157509324665,21.278747898883676,28.643059793177542,-189.09696123178503,Storm
2181,41.85181404028671,-89.47855698111381,34900.483572818885,19.56380965308065,-176.1651610587425,62.61559182886265,Storm
2182,41.854777743402174,-89.47100993500293,34900.816227975185,19.959309378006456,105.47690774012824,14.040822553204919,Storm
2183,41.85277734725353,-89.47339108742025,34901.12299490146,18.406015576314864,-109.29094987214172,99.91318601582094,Storm
2184,41.85233796208617,-89.47265021787503,34901.45652802863,20.01198763052111,-167.9577093561591,-34.89977711882722,Storm
2185,41.8528182886408,-89.4700699248858,34901.857082733935,24.033282317918694,-134.65329664063194,-189.32456936407,Storm
2186,41.85312127983131,-89.46784430262481,34902.26844142107,24.681521227936976,-119.08242033671854,-67.97576577361326,Storm
2187,41.852663987284636,-89.4671392478382,34902.695501999035,25.623634677972742,-179.53991775184096,-61.323935442541085,Storm
2188,41.85465349867809,-89.46154058517133,34903.1202366735,25.484080468072467,4.682978845880342,-10.023429020204901,Storm
2189,41.85428508771872,-89.46065776721011,34903.474825834106,21.2753496361016,-46.88635983878379,203.4879648424515,Storm
2190,41.853482540514264,-89.46064322173908,34903.84583944983,22.26081694332919,-141.86932303179836,3.418046268824355,Storm
2191,41.853296681839886,-89.45939529920787,34904.305451752174,27.576738140743018,-175.18343321737828,-257.30659267325416,Storm
2192,41.855491261998246,-89.45338649901119,34904.73009218455,25.478425942892578,29.546339870838523,39.61105493269258,Storm
2193,41.85685521507838,-89.44903895297095,34905.14387105026,24.82673194258871,151.2134051377828,34.724205396043885,Storm
2194,41.8573295275361,-89.44647068817555,34905.64905763319,30.311194975699653,183.91640816194007,-270.78309096004216,Storm
2195,41.85402967662109,-89.45145075012562,34906.21875714997,34.18197100649614,-160.79692608770358,-273.5604830577712,Storm
2196,41.85452603571078,-89.44883839206629,34906.7480263358,31.756151149978585,-125.88925986658398,24.762066565006876,Storm
2197,41.85651449946263,-89.44324182468263,34907.35898633465,36.65759993074009,58.22887257097119,-272.64890523079873,Storm
2198,41.85786337672377,-89.43892443028037,34907.865639859934,30.3992115172173,178.38835593823973,205.29922599022865,Storm
2199,41.85541322552049,-89.44220509280697,34908.46121226469,35.73434428522321,-81.35500713716274,-253.6874818641192,Storm
2200,41.85505360631222,-89.44130469134356,34909.097874800755,38.19975216403519,-132.0451707123771,-223.8333517470164,Storm
2201,41.85501447556401,-89.43976331296001,34909.69583456197,35.877585672979144,-150.68648828042126,11.137013199440332,Storm
2202,41.85565201264427,-89.43686859891955,34910.30577998,36.59672508155238,-101.66102300263988,-85.11617008251332,Storm
2203,41.85877392663531,-89.42900513105751,34910.85490910667,32.947747599895095,195.802133353729,110.58854935520685,Storm
2204,41.85875911039743,-89.42741512365329,34911.46937124444,36.867728266713584,179.59226681880057,-214.46606698013065,Storm
2205,41.85663902805605,-89.4300356484561,34912.039666182936,34.217696309605586,-47.14421006697228,32.839081969412575,Storm
2206,41.85556478483175,-89.43056449502474,34912.69577404578,39.366471770498286,-169.2967752445048,-297.4875338232253,Storm
2207,41.85808677234686,-89.42390088011456,34913.281100927044,35.11961287576451,68.173733518767,85.09171008086122,Storm
2208,41.85719547267915,-89.42406383957002,34913.8570983079,34.55984285128465,-35.684476000155286,-6.213554380780408,Storm
2209,41.857361371869,-89.42211240131037,34914.511400359646,39.25812310507032,-33.82279976316417,-285.5969730930667,Storm
2210,41.857188368718965,-89.42083876773046,34915.188322004404,40.6152986855636,-65.85135751301502,-193.75064676162611,Storm
2211,41.85638786147798,-89.42082014233249,34915.735814812935,32.84956851176328,-160.63032435945252,274.0322603336099,Storm
2212,41.85853888604922,-89.41489845331004,34916.24082350693,30.30052163966089,39.74389001686626,137.1937705419616,Storm
2213,41.857550184549595,-89.41525621642933,34916.764791405,31.43807388432911,-73.854502693553,-64.11172230359088,Storm
2214,41.857383707979594,-89.41396952968938,34917.35200241332,35.23266049871098,-105.23040244131062,-241.82059742074514,Storm
2215,41.85729942098124,-89.41251846380611,34917.84515153013,29.58894700855967,-128.3873450233665,178.50842717789152,Storm
2216,41.859440760079686,-89.40661614572926,34918.329849436646,29.081874391274408,71.01832207351032,28.157325591286167,Storm
2217,41.8587782187779,-89.40632158845288,34918.72128999814,23.486433689744267,-9.964050853292775,253.4605701936747,Storm
2218,41.85731608150502,-89.40762622311868,34919.170506436574,26.952986305925503,-170.90602088853262,-131.6395120572504,Storm
2219,41.858572175555665,-89.40349439513743,34919.54659653241,22.56540575008625,-60.02485857171439,169.4554873276727,Storm
2220,41.861289765049506,-89.3964395762698,34919.983858185034,26.235699157402333,197.00584806478855,-155.59769114570815,Storm
2221,41.86096421833288,-89.39547102982307,34920.33745851764,21.21601995631916,149.72293365483222,198.37365625907478,Storm
2222,41.85851290101438,-89.39875402458011,34920.72401565572,23.193428284846526,-110.13704094329336,-60.40045188046645,Storm
2223,41.85940024532846,-89.395359696072,34921.00748167572,17.007961199832643,-36.13085228299235,286.932401115935,Storm
2224,41.85863240388428,-89.3952757390804,34921.25486920888,14.843251989672055,-127.64323944844067,179.49478266286923,Storm
2225,41.85939288956293,-89.39213512784313,34921.47541628378,13.232824493738228,-66.32291433075602,138.52220746569623,Storm
2226,41.8598834451509,-89.38953437678725,34921.699025737034,13.416567195308321,-31.995598281734857,47.01585786992399,Storm
2227,41.86168113065449,-89.3843193659001,34921.873992230205,10.497989590017873,133.04470933045246,182.4993389903305,Storm
2228,41.86196365872282,-89.38213466988347,34922.162562139376,17.314194550257646,146.56927341588005,-264.2296047932046,Storm
2229,41.8614134506283,-89.38161544619257,34922.50983775225,20.83653677253634,76.82022121589796,-216.0075739669423,Storm
2230,41.86045580511569,-89.38191109733782,34922.83252068638,19.360976047721838,-33.672572792635606,29.1530490328131,Storm
2231,41.86055077121008,-89.38010152526908,34923.15463333618,19.32675898768072,-38.904206101267704,11.767005481804517,Storm
2232,41.86307320093376,-89.37343702594175,34923.551855268546,23.83331594206119,198.61052351944767,-218.86961177228716,Storm
2233,41.86193620230739,-89.37409138331454,34923.95053430273,23.920742050953514,70.18241813457024,-62.39942016863088,Storm
2234,41.85991369974915,-89.37651674855105,34924.40833164574,27.467840580730588,-146.7960804370685,-204.75794197541427,Storm
2235,41.863326035405976,-89.36807243735744,34924.76652540527,21.491625571751584,179.70924249824674,227.76089802705724,Storm
2236,41.86330439325013,-89.36649608178918,34925.039150408484,16.357500193022645,162.81678416600874,294.9196654964319,Storm
2237,41.86065676939599,-89.37017168961751,34925.36489669566,19.54477723077707,-116.67384399659282,-86.73639758156295,Storm
2238,41.86264766638312,-89.36457025576327,34925.68842025039,19.4114132838605,67.68761196994666,-9.718476083611677,Storm
2239,41.86179163082441,-89.36466268700073,34926.04031329217,21.113582506564832,-32.64418664866659,-85.31325039864416,Storm
2240,41.862640477646146,-89.3613453534773,34926.3696144451,19.758069175922234,37.512252777380894,45.35605718404918,Storm
2241,41.861058468882106,-89.36288973112542,34926.70752675818,20.274738784630074,-135.41686637430396,-16.956097488936564,Storm
2242,41.86277380707817,-89.35783941485334,34927.029407090675,19.312819949743954,21.388710483939946,42.17216323883429,Storm
2243,41.861547631172456,-89.35867212678481,34927.30590170543,16.589676885516244,-115.95712283505928,145.36283535137204,Storm
2244,41.86095528120756,-89.35823718683463,34927.62503456217,19.14797140381653,-189.92036207157216,-87.10088667410241,Storm
2245,41.864122617849894,-89.35028287367001,34927.925996862294,18.057738007728393,112.08505941425341,38.335752633241384,Storm
2246,41.862193699413275,-89.35252107066329,34928.192253744244,15.975412917051887,-95.5350269956559,116.97187160582865,Storm
2247,41.863565895887334,-89.34815703783521,34928.41135601202,13.146136066167827,26.95637766242936,177.7461656738323,Storm
2248,41.86438371528294,-89.34490175916405,34928.62830687338,13.017051682101952,94.01007447592934,66.06475322174077,Storm
2249,41.8635436076669,-89.34496233451615,34928.931354212364,18.18284033899096,-4.728929875674396,-220.09072459948595,Storm
2250,41.86278351146467,-89.34486288704065,34929.23726325706,18.354542681714904,-95.4667928458465,-48.54031624974883,Storm
2251,41.864282658968634,-89.34024495215277,34929.53823832192,18.058503891303324,39.71971480255547,8.224713129182874,Storm
2252,41.86318548235192,-89.34081966550623,34929.93982722901,24.09533442562911,-84.72618961618821,-296.12138532617365,Storm
2253,41.864164983563164,-89.33724102320379,34930.35774500695,25.075066676234606,-1.504311239674422,-128.62440686265415,Storm
2254,41.86526574230588,-89.33341986583841,34930.85407522262,29.77981294021646,93.84332028421403,-285.6322408377099,Storm
2255,41.86481390277573,-89.33270390501873,34931.22817353058,22.44589847773281,33.93112452231634,264.8845425036393,Storm
2256,41.86331951102643,-89.33407304863736,34931.620507317115,23.540027191943913,-130.23629315540018,-17.010305549642794,Storm
2257,41.86313484435273,-89.33282274210482,34931.97990305885,21.56374450380313,-163.43120327314472,75.40914735681156,Storm
2258,41.865118565535326,-89.32723565985967,34932.35888271235,22.73877921046359,20.212672238490228,-55.58068547230059,Storm
2259,41.86514922932631,-89.32555469239773,34932.64897564392,17.40557589387401,8.550808589496484,237.94479508140614,Storm
2260,41.86399618087714,-89.32624114941613,34933.05181882525,24.170590880196553,-121.48227907557319,-286.46129297679164,Storm
2261,41.86680494563416,-89.31900398002212,34933.41240637484,21.635252975289355,144.66595387964037,46.27024943274387,Storm
2262,41.86706820234469,-89.31685782672109,34933.7522418782,20.39013020184342,156.26338218473694,58.16713404790357,Storm
2263,41.86689349531016,-89.3155876009102,34934.10714375736,21.29411274956101,124.06443598388097,-42.19598198691125,Storm
2264,41.86679957310295,-89.31415580544466,34934.37220398619,15.903613729424467,99.94397251530751,247.82488013391355,Storm
2265,41.86623590766016,-89.31366349645027,34934.720573766856,20.90218684016325,28.84918548888251,-191.5289096625723,Storm
2266,41.86516988869286,-89.31417589450491,34935.112627744726,23.523238672138625,-92.48095398792073,-180.81325386155652,Storm
2267,41.8652294087706,-89.31243721446947,34935.52392392657,24.677770910881858,-101.25718896170683,-116.15073038937817,Storm
2268,41.86660979823471,-89.30805679566129,34935.90080757316,22.613018795335268,22.05351470127539,52.79497767829969,Storm
2269,41.86624254450414,-89.30717166324249,34936.25170382528,21.053775126777367,-29.400101103255537,69.25246789250127,Storm
2270,41.8650101276451,-89.3080168570806,34936.68523038023,26.011593297294407,-167.37002975545363,-247.32705776510403,Storm
2271,41.86551842821156,-89.30538061606772,34937.087492544124,24.135729833662847,-131.26821585693662,10.846498824206833,Storm
2272,41.86583437151239,-89.3031290895861,34937.525056471975,26.253835670994118,-114.40212852067458,-130.0293579044536,Storm
2273,41.86672692656977,-89.29972433959138,34937.87970472464,21.278895159839003,-39.87486553080237,187.1196744062279,Storm
2274,41.865328406196205,-89.30090174045854,34938.21158556456,19.91285039501282,-194.45514563485597,89.62729214197344,Storm
2275,41.86809574620419,-89.29374742056262,34938.485921976775,16.460184732785496,67.55061241627413,179.19346821398193,Storm
2276,41.86929853426375,-89.28972220456355,34938.869282269145,23.001617542349795,173.1011756241253,-287.9172906304261,Storm
2277,41.86632993975704,-89.294039753697,34939.14826019791,16.73867572559622,-138.48651779471354,231.70277643359577,Storm
2278,41.8676961616112,-89.28968767010872,34939.43012584883,16.911939055018877,-16.59257512519386,38.75438336007812,Storm
2279,41.86866147860482,-89.28613739624151,34939.67875193467,14.917565150660572,65.21088148925895,107.43996269738244,Storm
2280,41.86988361383067,-89.28207348590985,34939.837418881165,9.520016789704057,172.69616132660326,298.1696504470018,Storm
2281,41.869184564488606,-89.28185194471403,34940.06819849952,13.846777100961877,88.06298437237609,-127.66727447690951,Storm
2282,41.86997022668154,-89.27866098044821,34940.38479350895,18.995700566022496,151.90096091773745,-270.46745127554306,Storm
2283,41.86752282291133,-89.28193614810864,34940.60085713782,12.963817731973977,-107.56765885020152,238.4314304782289,Storm
2284,41.86777054798507,-89.27982105808123,34940.89389292701,17.58214735114737,-97.52339422425803,-167.60936422695093,Storm
2285,41.86744556552735,-89.2788513831167,34941.10268982215,12.527813708594637,-144.7498827439011,215.46705458814995,Storm
2286,41.86904057981903,-89.27404171465338,34941.29625762555,11.614068204141258,0.023303676434693443,104.93592183249285,Storm
2287,41.86814389474604,-89.2742154449194,34941.45163771529,9.322805384230652,-104.37344636998813,154.82425260672989,Storm
2288,41.87037493381707,-89.26813372689739,34941.66448857362,12.771051499450882,104.00221798483938,-112.44118505501993,Storm
2289,41.869124924596726,-89.2690141054581,34941.933085841774,16.115836089501173,-35.726946795886874,-174.1858335418795,Storm
2290,41.871535720585456,-89.26257287360069,34942.16155663528,13.708247610365396,190.62440932916172,87.36154623504694,Storm
2291,41.8715149344425,-89.26099480600664,34942.43897177984,16.64490867358833,173.8175522862062,-117.96867382252009,Storm
2292,41.8710516049991,-89.26030182501347,34942.65501924678,12.962848016089788,112.75636519875587,159.5151863308452,Storm
2293,41.87083794638206,-89.25910950236761,34942.79280173535,8.266949314106812,76.6622607466166,279.38338516008025,Storm
2294,41.8697928275465,-89.25958010015877,34943.033896165485,14.465665808149138,-42.577865557473785,-221.56960584614563,Storm
2295,41.871052724066516,-89.25544066723876,34943.21674354807,10.970842955229179,68.68354369762432,137.5858802863237,Storm
2296,41.87081341335085,-89.25429964879014,34943.47456863201,15.469505036055818,30.024229383525864,-175.90926411996224,Storm
2297,41.87067827725117,-89.25295028110953,34943.75932540433,17.08540633941411,1.7823766677421418,-112.68615805852235,Storm
2298,41.87051760202464,-89.25165199168264,34944.00634951798,14.821446818659425,-29.013388733324376,87.13114550679836,Storm
2299,41.871935877310214,-89.24719580123154,34944.314557345904,18.492469675635444,98.08589707633382,-160.66518545919413,Storm
2300,41.87072360220951,-89.24800071155298,34944.65506079189,20.43020675900218,-37.86985574121866,-138.5030574050225,Storm
2301,41.87004410964985,-89.24774005679234,34944.9236626814,16.11611337083456,-120.54735445525236,170.03233199750304,Storm
2302,41.873033876399624,-89.24014088341283,34945.229401254575,18.34431439048235,163.70107777479694,-77.86068858925398,Storm
2303,41.87254926374685,-89.23949046883843,34945.44709817978,13.061815512158077,100.51156974950675,238.19717361864662,Storm
2304,41.87307592731895,-89.23681750181426,34945.74789607886,18.047873944612004,138.44968421209262,-190.31196687646445,Storm
2305,41.87366388043036,-89.2340219557115,34946.05772123465,18.589509347525617,182.51675260534455,-73.99413574232253,Storm
2306,41.87134295797647,-89.23704416073929,34946.44637178946,23.319033289043347,-64.30373553046547,-262.5412036333318,Storm
2307,41.87207797237567,-89.23395449206093,34946.88554655401,26.350485872844757,-5.530538358046812,-234.59183061544277,Storm
2308,41.87127471947044,-89.23394135799144,34947.33136060027,26.748842775425697,-100.58407162902961,-109.83442693963116,Storm
2309,41.873663147908175,-89.22754486123601,34947.67954124779,20.890838851026025,123.53052939667361,225.29319023753794,Storm
2310,41.87178499031153,-89.22968153654934,34947.96329557827,17.025259829217948,-79.01347301541213,215.2188727467443,Storm
2311,41.87415133121864,-89.22332921485517,34948.20570179888,14.544373236223427,142.89237494791644,158.79057023092412,Storm
2312,41.87145647035269,-89.2270992967071,34948.42102640792,12.919476542529528,-141.3219543939274,114.19370814043737,Storm
2313,41.87479706858243,-89.21879846036765,34948.60988640894,11.331600061180097,178.00962583222753,109.52428726029422,Storm
2314,41.872490722148015,-89.22179151335654,34948.81049936646,12.036777451120393,-67.35326035686643,0.34759045849875747,Storm
2315,41.87389443735247,-89.21736444306767,34949.01265389527,12.129271728371696,58.29001734042146,6.342245237102134,Storm
2316,41.87193863137347,-89.2196564151457,34949.25649190737,14.63028072627406,-152.01882330761208,-112.76157320878761,Storm
2317,41.874815686156225,-89.21228266570023,34949.42057839046,9.845188985546717,120.95841222145299,216.85082765731045,Storm
2318,41.87230258459235,-89.21568922894802,34949.51474097586,5.649755123903776,-145.0799869137719,271.4320514392348,Storm
2319,41.87321595736036,-89.21224284353204,34949.60614394062,5.484177885823192,-68.47095286055628,97.38824323843198,Storm
2320,41.87505524990027,-89.20694461857225,34949.65327207934,2.8276883233684464,100.73005838267244,187.16774078273005,Storm
2321,41.875978230552825,-89.2034790173872,34949.76566519275,6.74358680440881,178.29988089037204,-112.24827118270645,Storm
2322,41.8757765399896,-89.20226275863368,34949.95471485141,11.342979519922121,143.40258182062178,-220.9878579382758,Storm
2323,41.87530996022428,-89.20157627828435,34950.0847986819,7.805029829314192,82.0163625414371,145.18663770839152,Storm
2324,41.87534797199115,-89.19988061487066,34950.28321212603,11.904806647883392,71.08929648052816,-148.61115831890822,Storm
2325,41.87627653404188,-89.19640385088924,34950.54186728625,15.51930961326256,149.21725880608136,-198.684921977763,Storm
2326,41.87314618304738,-89.20104491299827,34950.742704250275,12.05021784151748,-178.54608339166765,130.47899436714727,Storm
2327,41.87498082916971,-89.19575598087367,34950.88570282502,8.579914484792853,-9.809713906906524,209.45881197520566,Storm
2328,41.874759797300484,-89.19457840473216,34951.117215874896,13.890782992336886,-46.64114357669641,-199.0328468953723,Storm
2329,41.8767192599336,-89.18903983958594,34951.32676166756,12.572747559919558,134.5768769879479,29.345778984043022,Storm
2330,41.87427755676076,-89.19230360605168,34951.496862127984,10.206027625737333,-124.32168304385804,132.23039915186746,Storm
2331,41.87571251057263,-89.18781405854797,34951.660684550734,9.829345364958922,4.445455395800224,62.58778934419189,Storm
2332,41.87565893179898,-89.18630157621531,34951.76896735564,6.49696829427923,-15.640664717367258,197.22539029080383,Storm
2333,41.87728087173636,-89.1814380564606,34951.8588652088,5.39387118972076,131.82508627321994,125.63329309463171,Storm
2334,41.87453150881068,-89.18531714243198,34951.900953449855,2.5252944633542405,-157.8394490414151,203.31231714244132,Storm
2335,41.876941237650705,-89.17887804487198,34951.93249986506,1.8927849124329308,68.4051922131639,118.21449960257968,Storm
2336,41.875856399517666,-89.17942808125811,34951.91197649139,-1.23140242043123,-54.806863838451335,227.56773369420398,Storm
2337,41.87745323698447,-89.17461476644453,34952.00455993469,5.555006597855481,90.14864009394302,-232.44572008248332,Storm
2338,41.876330145148636,-89.17524131023625,34952.01549876719,0.6563299498715418,-36.88878623753493,231.828217176085,Storm
2339,41.87503510224528,-89.17621175616301,34951.96696627403,-2.9119495899432786,-181.12131932104842,276.84997178522974,Storm
2340,41.87771024813923,-89.16924182449513,34951.93270558998,-2.055641043187729,71.6650273278251,78.82558658602596,Storm
2341,41.876223117319384,-89.17059644625486,34951.975163423434,2.5474700072825587,-91.77629740480344,-150.72492675649377,Storm
2342,41.879056395598866,-89.16331024981595,34952.06321177084,5.2829008441233665,176.8232877954382,-121.03652745952635,Storm
2343,41.87853746633526,-89.1627284684632,34952.17633564825,6.787432644659509,110.20211868759975,-64.1269210757525,Storm
2344,41.876139743859,-89.16590427353576,34952.3932276417,13.013519607528597,-144.2983716861184,-293.57082138278463,Storm
2345,41.8779070393514,-89.16075004267101,34952.49689543464,6.22006757603604,17.70293480610033,285.46729112935964,Storm
2346,41.877353837206044,-89.16023680708174,34952.658874287976,9.718731200230783,-52.345522476318195,-85.68459960417309,Storm
2347,41.87740094132968,-89.1585229589545,34952.81708516151,9.492652411785441,-62.36335286022316,12.32630238291506,Storm
2348,41.87793451681946,-89.15583616809501,34952.906206436346,5.347276490345042,-23.73404663028259,227.94877603620864,Storm
2349,41.87834122288014,-89.15340311609368,34953.02060889543,6.864147544943844,2.2083166893961277,4.65470291314125,Storm
2350,41.8770199085196,-89.1544261049348,34953.04803168675,1.645367479263033,-144.65136211177736,289.6437245462316,Storm
2351,41.87761359613167,-89.1516190898307,34953.1967099438,8.920695423015406,-100.01084365246813,-255.9815595242384,Storm
2352,41.87941357199156,-89.14639949823095,34953.316106129896,7.163771166079733,65.25849959008355,57.21982209412357,Storm
2353,41.878568852039116,-89.14646929825588,34953.46417233465,8.883972285076156,-33.941738402901706,-46.68465967159315,Storm
2354,41.880195807534804,-89.14159574738456,34953.677204753985,12.781945160214454,114.02556841857245,-182.57241594021056,Storm
2355,41.880483847553876,-89.13940002746645,34953.85022163854,10.381013073307862,128.10132757795589,89.24826833701087,Storm
2356,41.87902599580069,-89.14069609109286,34954.04270307334,11.548886088030008,-32.412090488190245,-25.18283004967884,Storm
2357,41.878523987961785,-89.14008046689071,34954.18645297016,8.624993809297258,-97.34111712556168,151.2685996181849,Storm
2358,41.87969618052974,-89.13611644187483,34954.38349056921,11.822255942918233,5.149896922107104,-107.48727435009386,Storm
2359,41.88017616445104,-89.13353683415227,34954.47693461943,5.606643013020836,38.420046304380094,297.4406712307938,Storm
2360,41.8796802955341,-89.1329089321062,34954.51678254347,2.3908754424962377,-25.89508813737845,252.41484046717176,Storm
2361,41.87946659620265,-89.13171669088915,34954.67792185324,9.668358585986907,-61.99326403017355,-267.16037584500845,Storm
2362,41.8790507796959,-89.13092868402268,34954.84329281958,9.92225798078995,-118.30315745262845,-48.782914003389465,Storm
2363,41.879259633412275,-89.12889133670997,34955.11083393723,16.052467058715447,-112.14602856217239,-299.8637770690467,Storm
2364,41.88218838227637,-89.12141419910182,34955.28660898831,10.54650306505053,166.00061509901087,206.3276467385574,Storm
2365,41.8816448274788,-89.12088166881699,34955.547092811896,15.629029415031127,96.91689259477886,-199.31124261238284,Storm
2366,41.87930439528517,-89.12394289332431,34955.878432973186,19.880409677425778,-151.85456951600557,-259.4371503165701,Storm
2367,41.8818663401629,-89.11719936368888,34956.09833463033,13.194099428743849,89.61167550916849,257.28477641273116,Storm
2368,41.88083964911893,-89.11763310589684,34956.41232745626,18.83956955542871,-27.785671634785217,-228.5155968023711,Storm
2369,41.881314359545684,-89.1150640451634,34956.73446921465,19.32850550367759,4.95712829284264,-90.70085552482192,Storm
2370,41.88091137038763,-89.11425038359954,34957.01867007214,17.052051449450968,-50.07003026000092,72.79837449342438,Storm
2371,41.882434225570755,-89.10958503335333,34957.38097677415,21.738402120406555,87.48724530488096,-233.6378406761035,Storm
2372,41.87984899646841,-89.11313585167807,34957.61752597028,14.192951767975778,-185.76390767740943,296.5981816114289,Storm
2373,41.880784831368324,-89.10964454199828,34957.96211122764,20.675115441772956,-106.90866043377926,-267.70168505492455,Storm
2374,41.88076070171652,-89.10807316142191,34958.37134511413,24.554033189358023,-124.04986836163201,-276.62529219092147,Storm
2375,41.88171572640608,-89.10454347216285,34958.686472189154,18.90762450139502,-43.27564215313134,181.44107067079455,Storm
2376,41.88166074305412,-89.1030337989868,34959.01722440855,19.845133163531564,-63.50222009691174,-33.48995587298009,Storm
2377,41.88314539477683,-89.09844485566141,34959.3350391792,19.068886238820024,70.23470942697554,5.336442041928137,Storm
2378,41.884036112854126,-89.09504377962688,34959.57178910583,14.204995597962728,144.5782744085297,219.62140502745387,Storm
2379,41.88077725531948,-89.09994185481621,34959.76561665213,11.629652777776917,-196.03572180353854,166.8277838899195,Storm
2380,41.882727829365955,-89.09442106684328,34959.87389093437,6.496456934276206,-15.706559903330458,293.3043247821978,Storm
2381,41.882965105695966,-89.09232687430331,34959.91191771738,2.281606980696001,-6.707169649825943,292.13756723297854,Storm
2382,41.88419773726476,-89.08824197128575,34960.03314633898,7.273717296095209,101.82774448229463,-150.8370692320162,Storm
2383,41.883480322164566,-89.08805716160619,34960.05230456489,1.14949355431704,15.357991714783083,295.2813836871496,Storm
2384,41.88490414710591,-89.08358987184356,34960.186630072,8.059530426507234,143.01224310076947,-241.57986372526733,Storm
2385,41.88444679508961,-89.08288493599618,34960.34160931244,9.2987544265513,82.5487987239984,-92.65224847751216,Storm
2386,41.88179651857737,-89.0865658491407,34960.514025606964,10.3449776716699,-197.20709524786076,-57.91141858380024,Storm
2387,41.88285488964422,-89.08282946712704,34960.62147279868,6.44683150287003,-106.09823131001149,191.32156231228294,Storm
2388,41.88341247682018,-89.08009465289516,34960.68379922762,3.739585736168343,-65.06775646169382,196.51421637229026,Storm
2389,41.88221282856762,-89.08087430952033,34960.809094194476,7.5176980112239065,-199.76082446608189,-115.30850998432851,Storm
2390,41.883322380096985,-89.07703556658164,34960.986610183005,10.650959311850382,-103.53391427689522,-159.85958335883342,Storm
2391,41.88277774814628,-89.07650519060307,34961.21873955749,13.927762469128469,-172.72535209381493,-187.72543775369897,Storm
2392,41.884874482374244,-89.07069208226719,34961.47850419909,15.585878496112784,22.21982795424796,-125.1833562973533,Storm
2393,41.884469145651494,-89.06988311583274,34961.750690484114,16.331177101316214,-33.042087068340834,-73.8798717916869,Storm
2394,41.886450468649656,-89.06430082995645,34961.931691838414,10.860081257840783,150.3619699999578,243.17939940630924,Storm
2395,41.885065959263756,-89.06545020884829,34962.16511339588,14.005293448066263,-2.8172113376559764,-101.90642981063735,Storm
2396,41.88366861662062,-89.06662525425462,34962.29872841629,8.016901224393841,-157.27971839905456,272.041727629257,Storm
2397,41.88362960401168,-89.06508363959252,34962.49678499136,11.883394504365688,-175.90922203988103,-121.40983345903174,Storm
2398,41.88472824346423,-89.06126672080745,34962.72347711453,13.601527390335756,-80.77351953199835,-107.75922831587107,Storm
2399,41.88434040846012,-89.06042275093573,34962.884632765956,9.669339085582388,-134.28526269103628,169.89685855421828,Storm
2400,41.88432053496237,-89.05884285805126,34963.03355917961,8.935584819139546,-151.00085521360432,80.94399549189768,Storm
2401,41.88447321004881,-89.05691786799842,34963.278375074806,14.688953711932083,-150.46158931767303,-257.67861744422606,Storm
2402,41.8877628263842,-89.04871899544769,34963.54539970511,16.021477817931792,163.77180147435058,-185.9227402087766,Storm
2403,41.88755739141517,-89.04751022550577,34963.750968779066,12.334144437450753,128.5000618238817,26.778522664281468,Storm
2404,41.88473109930285,-89.05154316985046,34963.815859724535,3.893456727946514,-168.85739215649215,273.26891486284046,Storm
2405,41.88555480031985,-89.0482761279365,34963.77080599069,-2.7032240309460613,-101.21553320324298,215.7872072115639,Storm
2406,41.8853894781025,-89.04698713249124,34963.60575158148,-9.903264552233118,-132.4759976861743,212.36572928511168,Storm
2407,41.88491443575846,-89.04631757729936,34963.38256983117,-13.390905018781067,-194.70847483788242,7.068273941688403,Storm
2408,41.888086573252,-89.03835366243233,34962.991285794946,-23.477042173515294,107.77703176862275,260.87731049567003,Storm
2409,41.88879289390661,-89.03532138124314,34962.46903380421,-31.335119443858417,163.68085448259484,191.77492172858695,Storm
2410,41.88885613318791,-89.03357526280058,34961.92994861454,-32.34511138040371,155.27653986452162,-180.4681884977541,Storm
2411,41.88658738739959,-89.03649311449728,34961.31664203685,-36.798394661193456,-86.3262817153085,-126.6188850473649,Storm
2412,41.887106148368225,-89.03383595268004,34960.601665613336,-42.898585410700825,-49.178427599320486,-64.00759776888677,Storm
2413,41.887923436370315,-89.0305817367959,34959.82804837567,-46.41703425997336,17.822129861870195,-204.07214198013517,Storm
2414,41.88865748415431,-89.02749400134795,34958.97356964753,-51.26872368810328,76.49866551439573,-199.4600764172961,Storm
2415,41.88728101385506,-89.02862730206648,34957.96149093406,-60.72472280824656,-75.87660715818099,2.0070783636924148,Storm
2416,41.889372824600215,-89.02282404069621,34956.754049205265,-72.44650372769205,118.57622460939092,143.68153994323637,Storm
2417,41.88891648220724,-89.0221170856022,34955.47692571233,-76.62740957608317,58.21374256420893,-206.5360436518979,Storm
2418,41.88866980859154,-89.02099079295365,34954.109869350075,-82.02338173548674,18.818138246231086,-247.53209892006873,Storm
2419,41.88813836234373,-89.02043404556929,34952.57567303394,-92.05177896815353,-49.05472928133969,-51.8900818260245,Storm
2420,41.886935437821805,-89.0212202547332,34950.91259312025,-99.78479482159008,-184.07542422169848,-135.60714031801692,Storm
2421,41.890746072360564,-89.01197934577571,34948.97432678256,-116.29598026136043,182.25978690659576,272.1795646978137,Storm
2422,41.88848006513599,-89.0148917203449,34946.97716087614,-119.82995438554379,-59.06917829898427,-274.1399346310056,Storm
2423,41.887934419103765,-89.0143633725294,34944.804543478276,-130.3570438714859,-128.3620242687274,-64.66932393987591,Storm
2424,41.89115644056581,-89.00629968972535,34942.519714667505,-137.08972864603365,179.1118791876919,-215.28056187768905,Storm
2425,41.890566667576074,-89.00585959582484,34940.113175125385,-144.39237252712834,105.40633746728491,-234.79047637518477,Storm
2426,41.89158491693844,-89.00220345722016,34937.52386855988,-155.35839393027274,192.5030309565107,-71.03010053451902,Storm
2427,41.89090810721195,-89.00193743679318,34934.77028588518,-165.21496048241866,110.09381555962239,-94.44535031332092,Storm
2428,41.89046512699247,-89.00120375735219,34931.87931285786,-173.45838163875626,51.06755086352348,-184.79034915597796,Storm
2429,41.888685817988495,-89.00314273548018,34928.6919326252,-191.24281395938056,-141.591592281215,262.8384837408788,Storm
2430,41.891919605450404,-88.9950555206764,34925.25713289868,-206.08798359129372,167.05891116177338,232.48136412772942,Storm
2431,41.89089803256692,-88.99547902656339,34921.5939004613,-219.79394624288074,50.17338006663738,184.96092672976692,Storm
2432,41.88881972894138,-88.99801599393453,34917.79747426991,-227.7855714835174,-172.38522523545004,-99.12657486559252,Storm
2433,41.88994567612024,-88.99414445969684,34913.78486510638,-240.75654981128267,-74.51875009713751,81.38719317156796,Storm
2434,41.89026197714257,-88.99189221777222,34909.66835845352,-246.99039917179925,-57.6168906117438,-210.8959310137915,Storm
2435,41.89137129677782,-88.98805393862177,34905.2891542471,-262.75225238545113,38.586830165417496,188.63035240144887,Storm
2436,41.890661204881475,-88.98785448253449,34900.81695616348,-268.3318850173188,-47.150602216010725,-220.63877094091097,Storm
2437,41.89006674612036,-88.98742376017675,34896.196519416786,-277.22620480134407,-121.32472107487078,-157.5100168983696,Storm
2438,41.89062686613057,-88.98468388027639,34891.3485357741,-290.8790185612543,-80.0409628021855,85.67704230378547,Storm
2439,41.89197834012422,-88.98036129240913,34886.28251690937,-303.9611318837581,40.3781938150876,117.64791694022347,Storm
2440,41.891171848551664,-88.98035463567427,34880.97826339243,-318.2552110162806,-54.99920618739475,194.398591127987,Storm
2441,41.89068547368564,-88.97970774552635,34875.51681688231,-327.68679060756193,-118.36493553769589,-18.575551489107625,Storm
2442,41.89322016035465,-88.97301873230838,34869.94024227194,-334.59447662178127,120.37548861657211,-191.90481136042845,Storm
2443,41.890603140350926,-88.97663313243586,34864.09142866759,-350.9288162609794,-156.0547545036868,230.21038061279387,Storm
2444,41.89168268897448,-88.9728543953088,34858.046281247465,-362.70884520748893,-62.82813489632164,110.32207494541922,Storm
2445,41.890559647167976,-88.97348083904186,34851.797348383094,-374.93597186230056,-189.8605582944246,114.02813304566979,Storm
2446,41.891869940424584,-88.96924061264868,34845.47416559976,-379.3909670001884,-73.5594753812118,-266.55548784753495,Storm
2447,41.89319206865207,-88.96497671631374,34839.0064236336,-388.06451796957106,43.92510461924681,-155.51771035609605,Storm
2448,41.89244732900155,-88.96484655573482,34832.43131315141,-394.5066289311408,-45.277103179248,-251.65151262809184,Storm
2449,41.891636035465204,-88.96484950292755,34825.69374039483,-404.25436539493927,-141.13469956202186,-121.21365870249375,Storm
2450,41.89155370289054,-88.96339452819691,34818.679080358226,-420.87960219634755,-164.09619977593715,246.4957588117892,Storm
2451,41.89136613548851,-88.96215002312103,34811.50574068727,-430.4003802573495,-197.58118272640863,-9.683868681413173,Storm
2452,41.89198221957578,-88.95929821506653,34804.190941250425,-438.88796621086846,-150.7010167469794,-115.3925463132309,Storm
2453,41.89534075040999,-88.95096151351812,34796.7545529793,-446.18329626746583,170.42382392730622,-202.9832680356079,Storm
2454,41.895647123877076,-88.94872912670401,34789.17807922169,-454.58842545666835,186.33292788733303,-176.52337380634697,Storm
2455,41.89489734145955,-88.9486090516591,34781.39278840835,-467.1174487999779,96.62644338673181,28.006358938387052,Storm
2456,41.89561627436354,-88.94555154597116,34773.414092464285,-478.72175664421064,153.79149103870367,32.39595330187859,Storm
2457,41.894363878757254,-88.94643669730378,34765.316048480956,-485.88263899953944,13.823687662523469,-182.72519977896008,Storm
2458,41.89303784175632,-88.94746913142569,34756.936268540536,-502.78679642517363,-133.50825517933652,249.89349066930856,Storm
2459,41.89383155953098,-88.94426205599639,34748.421711979674,-510.87339365159073,-68.86472045998636,-76.75064702226246,Storm
2460,41.89570678379677,-88.93889196758487,34739.75476038464,-520.0170957020576,103.92946337135538,-96.70591054631558,Storm
2461,41.89662302137709,-88.93543985254426,34730.85321994116,-534.0924266091714,180.82497865560111,142.75666139928018,Storm
2462,41.895351770988306,-88.93636271344187,34721.71006227807,-548.5894597853288,38.97169702936799,228.5370963268515,Storm
2463,41.89330776007888,-88.93883109538076,34712.46200068991,-554.8836952892624,-180.1576366602069,-145.76238468647475,Storm
2464,41.895116764209845,-88.93359344723888,34703.085408610306,-562.5955247765448,-13.985466311636031,-163.8128763170874,Storm
2465,41.89637952204964,-88.92944829167931,34693.43787265183,-578.8521575084475,97.56207492086077,251.5248186322351,Storm
2466,41.895246264207636,-88.93009516748337,34683.67120777428,-585.999892653181,-30.491952027630646,-94.72043993286303,Storm
2467,41.897544669083935,-88.92387871785081,34673.738374137734,-595.9700181927999,184.6202928550265,-33.0885403034755,Storm
2468,41.89580194218466,-88.9257445317694,34663.66251882632,-604.5513186850169,-4.380639820286717,-89.01007659485677,Storm
2469,41.89763122490239,-88.92046632645399,34653.39503522339,-616.0490161759526,163.81938920485533,41.37328996911043,Storm
2470,41.89718901178654,-88.91973111280572,34642.89857078498,-629.7878663047064,104.86983487265786,187.08403101053182,Storm
2471,41.89565499203296,-88.92117951243291,34632.26403927175,-638.071890793605,-63.26038323309672,-39.78340120777199,Storm
2472,41.89782876539039,-88.9152123258381,34621.488738874126,-646.5180238573524,139.38870976250587,-82.04678899451386,Storm
2473,41.89775790125405,-88.91373441423082,34610.45289339197,-662.1507289293644,117.57405338074051,264.5953935446622,Storm
2474,41.897222284639994,-88.91318600757897,34599.22773362415,-673.5095860692688,49.28414922720279,144.97637247113335,Storm
2475,41.898097114823365,-88.90981670733228,34587.78719808116,-686.4321325795177,122.03892481645397,207.02378933798553,Storm
2476,41.896604221354096,-88.91118285439084,34576.29891816972,-689.2967946863762,-41.978664857281615,-269.2419244944011,Storm
2477,41.89677879551509,-88.9092140661889,34564.59797500631,-702.0565898045892,-39.24949150530418,104.25373787045385,Storm
2478,41.897119974400745,-88.90691206853764,34552.698818851204,-713.9493693065124,-19.859845687682878,149.37789051623912,Storm
2479,41.89689378500297,-88.90574480745322,34540.63078958948,-724.081755703507,-57.20702821253445,80.84648466241771,Storm
2480,41.89635881693199,-88.90519510371522,34528.36757709396,-735.7927497313677,-125.43207805841017,149.62166198697417,Storm
2481,41.897943204015306,-88.90040668966864,34516.026169691446,-740.4844441509908,18.27838752521035,-177.56136687203966,Storm
2482,41.89707534726151,-88.90052276329625,34503.46984260798,-753.3796250081681,-83.2355306008771,149.1652251490994,Storm
2483,41.897985389937645,-88.89708303806403,34490.83189377078,-758.2769302316957,-6.95950573539173,-170.38113576415668,Storm
2484,41.90007135218396,-88.89129147369145,34477.98555111913,-770.780559099003,186.90847614811906,129.07501189013277,Storm
2485,41.900178089180116,-88.88945835981917,34465.012937924985,-778.3567916484791,182.85393301591847,-43.736972783794045,Storm
2486,41.898397233640196,-88.89140043101905,34451.80637722461,-792.3936420226461,-9.959863723311798,238.7731297110115,Storm
2487,41.89874431206588,-88.88908663428772,34438.42953587665,-802.6104808776506,10.019736098153857,124.36734714340031,Storm
2488,41.89780008864236,-88.88935544125479,34424.92854272356,-810.0595891852645,-99.13084900178801,-31.964118778415695,Storm
2489,41.897432479023095,-88.88847102061337,34411.339110084664,-815.3659583337119,-150.62005367585795,-176.411978473823,Storm
2490,41.8970897356484,-88.88753686748281,34397.68010044747,-819.5405782314933,-199.62263389294756,-276.4409690108039,Storm
2491,41.901142379707515,-88.87781193948462,34383.897885129256,-826.9329190926022,190.91352927077173,-154.5877829179426,Storm
2492,41.9000337696803,-88.87840951965909,34369.87922284509,-841.119737049923,65.32428380160076,203.45981927976692,Storm
2493,41.899730451106706,-88.87739651692631,34355.79228874965,-845.2160457262024,20.2641836946257,-208.11329994962628,Storm
2494,41.90058755744658,-88.8740626643666,34341.51389050955,-856.7038944060457,91.24657493446654,60.150846059749824,Storm
2495,41.9007473764821,-88.8721233864156,34327.031595271794,-868.9377142654673,92.50023573895004,161.8479737142523,Storm
2496,41.901871298022925,-88.868255903454,34312.39605125624,-878.1326409330911,190.16414707389805,44.13796801602598,Storm
2497,41.899483503430424,-88.87141185275904,34297.585048248795,-888.6601804465536,-63.34355492375926,89.07873414014227,Storm
2498,41.898537984244115,-88.8716832512517,34282.55423821012,-901.8486023207454,-172.62371630294956,238.43839099295178,Storm
2499,41.89888902787997,-88.86936152410003,34267.4335412235,-907.2418191969509,-152.2475954647213,-103.29429726850904,Storm
2500,41.90182176778459,-88.86187640441082,34252.14195478025,-917.4951865952004,126.29815225044837,58.38742699842709,Storm
2501,41.90028061077068,-88.86333907855868,34236.71723775576,-925.4830214694687,-42.54579188902318,-15.938604374987165,Storm
2502,41.90227154068985,-88.85773757884039,34221.18033836012,-932.213963738124,141.81895728087216,-95.99736836406473,Storm
2503,41.90247923228377,-88.8557025557726,34205.573863019556,-936.3885204337633,147.8598739248685,-247.1193414139851,Storm
2504,41.90225510972083,-88.8545311610185,34189.73003118064,-950.6299103349924,110.7193748834523,208.52857983284179,Storm
2505,41.900022469010814,-88.85737680255858,34173.770333401495,-957.5818667488627,-127.2729388650645,-41.79208057667972,Storm
2506,41.900104479925595,-88.85559314084905,34157.62080748223,-968.9715551558318,-133.80009013453775,123.96247739653063,Storm
2507,41.90173115432667,-88.85072015216694,34141.310709774276,-978.6058624769842,14.139107224662695,81.19400802499263,Storm
2508,41.90052299354972,-88.85151683384089,34124.923554794994,-983.2292987569111,-121.40521321751554,-172.9524827685483,Storm
2509,41.90005031741141,-88.85084254623754,34108.41531918166,-990.4941367999173,-183.40106979603746,-106.75947888256218,Storm
2510,41.90227058918218,-88.84478236281603,34091.68178348881,-1004.012141570542,23.89786453346997,214.76094839839732,Storm
2511,41.90284660275416,-88.84201069579213,34074.83583587673,-1010.7568567251517,66.77097898347228,-38.76220596014912,Storm
2512,41.90413865584937,-88.83780694972174,34057.80174217115,-1022.0456223348029,181.24804575765512,131.54712034549914,Storm
2513,41.90419411863073,-88.83607638427907,34040.63323887261,-1030.1101979124853,172.06608114502,16.55278396329942,Storm
2514,41.90165635734593,-88.83953226696872,34023.417396389465,-1032.9505489887777,-96.43829008274416,-268.3039881811668,Storm
2515,41.903672362080165,-88.83388061762028,34006.114354634396,-1038.1825053040986,90.43394059354017,-227.21820119667953,Storm
2516,41.90212640561479,-88.83535289067106,33988.64065942185,-1048.421712752961,-78.88994869121314,19.482544730338418,Storm
2517,41.903320253880295,-88.8313455542601,33971.00190276039,-1058.3253996875478,25.766635111899063,60.34991819228162,Storm
2518,41.901874891278055,-88.83261663958461,33953.247342332914,-1065.2736256484884,-133.49786786011975,-72.15755710701075,Storm
2519,41.9038259292926,-88.82709492367556,33935.2485790312,-1079.9257981029261,46.87769084678669,281.8913187802708,Storm
2520,41.904414959362406,-88.824297223656,33917.04745575993,-1092.0673962759909,91.05245507987547,253.56225425637467,Storm
2521,41.90470056547233,-88.82210637155617,33898.713761638,-1100.021647316002,104.88482332567082,55.03018133544026,Storm
2522,41.9025670931431,-88.82475367633468,33880.21921539292,-1109.672774704477,-123.19065234546218,100.01139113550784,Storm
2523,41.90443980035787,-88.81938862202519,33861.58191428508,-1118.2380664703703,49.351826383962816,61.481502274359855,Storm
2524,41.904052707993465,-88.81854316687404,33842.814896465934,-1126.0210691489779,-4.085652804703699,17.193962393565357,Storm
2525,41.90357861705746,-88.81787170886608,33823.9169131823,-1133.878997018038,-66.22298915275837,11.587615585381911,Storm
2526,41.90317835299918,-88.81705259710269,33804.83038821163,-1145.1914982403603,-120.9776377286087,183.10463841622607,Storm
2527,41.90327851962273,-88.81523262397562,33785.715427732444,-1146.8976287509768,-125.68921812051687,-249.02022606632016,Storm
2528,41.90442767833684,-88.81131466666744,33766.42037369415,-1157.7032422977056,-25.501589457137044,94.98446370363712,Storm
2529,41.90458084395862,-88.80938869554392,33747.04847968739,-1162.3136404054435,-24.91327002658346,-133.94752082921485,Storm
2530,41.90520994382193,-88.80651085593735,33727.56619654217,-1168.9369887135758,23.268473556176303,-91.79859875268005,Storm
2531,41.906856012274346,-88.80159907915255,33707.859683836075,-1182.3907623655036,173.14707605065325,253.58708376214327,Storm
2532,41.90528131122121,-88.80312884137886,33688.07857233841,-1186.8666898599865,0.9487279888381863,-103.26960358904489,Storm
2533,41.90636763602462,-88.79933655189208,33668.252998097545,-1189.5344544520979,94.85296558265566,-277.97223391016,Storm
2534,41.905465464820445,-88.79952125442047,33648.304683429174,-1196.8988801020785,-10.09239758253949,-98.20596343779988,Storm
2535,41.90739581476415,-88.7940409146531,33628.31006823666,-1199.676911551129,168.21435404102186,-292.7981836363905,Storm
2536,41.9060722131541,-88.79506847799325,33608.10393106501,-1212.3682302987336,21.125950287339634,144.3981486399756,Storm
2537,41.9059483080288,-88.79369664836389,33587.85323905406,-1215.0415206572477,-5.99280499038349,-248.758181902367,Storm
2538,41.90804536406628,-88.78788289640895,33567.438672287964,-1224.8740059656116,188.98455601116086,10.806258825658745,Storm
2539,41.90675954591092,-88.78883489283972,33546.936824426826,-1230.1108716684264,45.674497727604546,-158.0341303754956,Storm
2540,41.90638407570155,-88.7879661933785,33526.29483141306,-1238.5195808260055,-6.600765957278469,-42.51030482500687,Storm
2541,41.90489694915661,-88.78932080658842,33505.586162593856,-1242.5201291523488,-170.0416631992065,-236.30378787151966,Storm
2542,41.90809453829455,-88.78130598843259,33484.766471749565,-1249.181450657684,134.9890078475098,-156.10802867604585,Storm
2543,41.90567176372955,-88.78453189768263,33463.7869724898,-1258.769955586058,-122.01669140054778,2.9468707500835762,Storm
2544,41.908114201596476,-88.7780273820688,33442.749695765764,-1262.2366034419185,107.49885254500515,-262.8320888526072,Storm
2545,41.907493727177055,-88.7776486910277,33421.62015062918,-1267.7727081947517,30.723167855302336,-228.473734295656,Storm
2546,41.90547962212928,-88.78005726124329,33400.41138754921,-1272.525784798488,-185.41557966975262,-268.35362870266954,Storm
2547,41.90881771678629,-88.7717614320493,33379.104144991186,-1278.434553481424,133.66564328337654,-229.21650982316305,Storm
2548,41.90580894823858,-88.77615932926477,33357.635057915,-1288.1452245708779,-181.93945423508322,-37.260067714252614,Storm
2549,41.90915159909618,-88.76785438766962,33336.055149604355,-1294.7944986389384,137.5973887768099,-142.55497410641885,Storm
2550,41.907609758105984,-88.76931842977002,33314.400969741095,-1299.250791795441,-31.31495298963344,-276.04648046174924,Storm
2551,41.907866504119895,-88.76718529786226,33292.55224634991,-1310.9234034710362,-20.36859434604966,46.567848382280204,Storm
2552,41.90850110070584,-88.7642964648104,33270.585371552894,-1318.012487820617,28.362821500857905,-100.54398469538091,Storm
2553,41.907626887640966,-88.76442525106019,33248.53546077612,-1322.9946466066467,-73.7867277347458,-236.02582863804128,Storm
2554,41.90797923062837,-88.76210092520543,33226.39188052142,-1328.6148152817868,-53.280671741492654,-240.3031986762212,Storm
2555,41.909725703552105,-88.75698833947799,33203.978838907075,-1344.7824968609175,106.63837788482067,279.76457864891154,Storm
2556,41.9106869000274,-88.75344630664743,33181.363243886306,-1356.9357012460089,188.02978266668276,219.0426596252363,Storm
2557,41.90935705322557,-88.75448636037115,33158.58058145747,-1366.959745730185,40.31685973584763,120.51941834632794,Storm
2558,41.90824199026641,-88.7550968464095,33135.64219881146,-1376.3029587607273,-85.91767892783437,78.46225210357238,Storm
2559,41.909071047680925,-88.75181909170051,33112.57807209848,-1383.8476027791771,-17.740180224049027,-10.789596133840519,Storm
2560,41.91042683815214,-88.74748787087813,33089.42293377867,-1389.3082991886024,103.11062415006319,-130.84898664164902,Storm
2561,41.90881517278489,-88.74909156173266,33066.03814134954,-1403.0875457474706,-72.78415532219205,254.78507467718202,Storm
2562,41.907915193944994,-88.74927187953249,33042.54627327518,-1409.5120844618004,-177.5102820596111,-8.619420951995778,Storm
2563,41.9114887823947,-88.74050506275313,33018.90410564658,-1418.530057715921,165.1203201631447,66.21780469089418,Storm
2564,41.91017048991739,-88.74152200782778,32995.19153438463,-1422.7542757171336,18.56282968485283,-150.15349246238688,Storm
2565,41.90950524600428,-88.74123285577404,32971.270078669884,-1435.287342884375,-62.6898043742207,211.22904948281575,Storm
2566,41.91051629900257,-88.73759110989751,32947.23884009739,-1441.8743143499676,23.687252707383266,8.845316254067939,Storm
2567,41.908825027757125,-88.73935401250843,32923.18371194792,-1443.3076889683502,-160.16811458398843,-290.3831061269261,Storm
2568,41.912428732085196,-88.73052696397232,32899.005325961894,-1450.703159161401,185.47407547481964,-73.80829962789502,Storm
2569,41.91113412600632,-88.73149653625013,32874.77833553673,-1453.6194255100274,41.285224839801714,-252.170956087629,Storm
2570,41.911601013328294,-88.72894312172622,32850.3150760722,-1467.795567871601,73.2457142892186,259.54002522357655,Storm
2571,41.91131849962487,-88.7278885092531,32825.82083716572,-1469.6543343887806,30.266101198967874,-224.33080657475367,Storm
2572,41.91149000715024,-88.7259258543224,32801.12877104582,-1481.5239671935917,32.688610989390696,159.80832786279143,Storm
2573,41.91093606961412,-88.72541408951469,32776.24865724214,-1492.806828220871,-37.43338537039253,227.90264876488072,Storm
2574,41.91205241770873,-88.7215617534455,32751.18728863467,-1503.682116448272,59.47318134294579,239.54935097352154,Storm
2575,41.91209898956777,-88.71984896984748,32726.104673803507,-1504.956889869632,49.40212449893488,-221.22721679710548,Storm
2576,41.910991017594675,-88.7204452739137,32700.9488271716,-1509.3507979144777,-76.12331555792436,-178.92303104852584,Storm
2577,41.9135348391686,-88.71373799088589,32675.60786409058,-1520.4577848611812,163.53059908674493,156.2400403724896,Storm
2578,41.91275240908084,-88.71368321118145,32650.202039206364,-1524.3494930528345,70.5593475640024,-119.420208221027,Storm
2579,41.910930277120876,-88.71570783522141,32624.618290814833,-1535.0249034917904,-126.3820911799146,153.87065279334706,Storm
2580,41.91223801224367,-88.71147272509586,32598.98648313339,-1537.9084608865526,-10.33682164836813,-164.5262687096225,Storm
2581,41.91295515080029,-88.70841880810266,32573.31760838091,-1540.13248514887,46.64879126611004,-275.7996887169288,Storm
2582,41.91194062633162,-88.70882821716005,32547.51286101543,-1548.2848419286731,-69.5318983486986,-18.865803245319228,Storm
2583,41.91137506107903,-88.70833970778527,32521.48835504368,-1561.4703583052358,-140.81666635623765,290.7926865545037,Storm
2584,41.91176689962842,-88.70593639080653,32495.44457428626,-1562.6268454452631,-116.3610541641543,-221.78812197404068,Storm
2585,41.911891932093084,-88.70406668599723,32469.21253780913,-1573.922188627672,-118.58605044524144,161.43667989583457,Storm
2586,41.9129270976621,-88.70037671497924,32442.86503563323,-1580.850130553943,-29.79773629126288,39.249563851522794,Storm
2587,41.91145639408043,-88.70169848226263,32416.5008342757,-1581.8520814518627,-191.5963372054557,-279.3412148560113,Storm
2588,41.91330294207927,-88.69638574638499,32389.935061510314,-1593.946365923205,-21.669780069193536,189.99314592097414,Storm
2589,41.915207877822276,-88.69095623501902,32363.352663830814,-1594.9438607699158,154.0955514830261,-247.97605944261588,Storm
2590,41.91396765714332,-88.69181703649697,32336.552002851724,-1608.0396587453524,15.345240840409105,247.93781176756227,Storm
2591,41.91351337817998,-88.69110595454369,32309.591939170987,-1617.6038208441723,-44.81089824084546,197.73949885702115,Storm
2592,41.91264355220746,-88.69122596660876,32282.4523571405,-1628.3749218292369,-146.52173824022552,261.2366938006792,Storm
2593,41.91526174528747,-88.6843699405688,32255.14235702816,-1638.6000067405976,100.56932701252106,264.80063567214097,Storm
2594,41.91510980337903,-88.6830541845057,32227.783134441135,-1641.5533552213221,70.64689342100257,-81.9576408003438,Storm
2595,41.91630334156239,-88.67904746825901,32200.364820908748,-1645.098811943238,175.272469009889,-134.65993421449292,Storm
2596,41.914026589388016,-88.68198133272782,32172.795341826175,-1654.1687449544015,-67.13099117530697,120.48505080104417,Storm
2597,41.91590644692535,-88.67660197777319,32145.049887473164,-1664.7272611805902,106.12651981015449,257.64209030949235,Storm
2598,41.913811673790946,-88.67917188416203,32117.16981572767,-1672.8043047296942,-118.0790363775162,178.7988211315344,Storm
2599,41.91609393079579,-88.6729877302724,32089.299368563672,-1672.2268298398299,95.4184213587854,-261.72326624784125,Storm
2600,41.914835921574515,-88.67388410883498,32061.35648961738,-1676.5727367773854,-45.11074351591722,-130.34072576394084,Storm
2601,41.914652273134564,-88.67263176583491,32033.207596690532,-1688.9335756109997,-78.20383025838784,289.7681277328205,Storm
2602,41.91615270351854,-88.668011265187,32004.942196852975,-1695.9239902533848,57.11096539197115,130.60569467609974,Storm
2603,41.91763534684136,-88.66342633866141,31976.619084355294,-1699.3867498608652,190.64705492600365,-73.67893052541677,Storm
2604,41.91708351939339,-88.66291035367739,31948.20979252107,-1704.5575100534456,120.73606738112238,-39.28142201730276,Storm
2605,41.917501575834315,-88.66045460091559,31919.76630954975,-1706.6089782793085,147.81346872599192,-191.60547521321809,Storm
2606,41.91796146828278,-88.65791517613867,31891.265624614643,-1710.0410961063246,179.07447082571184,-168.73697495347218,Storm
2607,41.91562288802992,-88.66097269676443,31862.59840277496,-1720.0333103810078,-69.51179720762738,153.71534046406828,Storm
2608,41.91604030899574,-88.65851821495285,31833.821160114956,-1726.6345596002423,-42.49794337383733,64.926826059868,Storm
2609,41.916390864861235,-88.6561974633419,31804.90207306444,-1735.1452230309267,-22.17059957222861,145.42196225386908,Storm
2610,41.91567317829391,-88.65601319659659,31775.986803564323,-1734.9161700071086,-108.66749905255566,-264.9252076578738,Storm
2611,41.9161068533018,-88.65352620670086,31746.956674525525,-1741.8077423279547,-80.0282410107735,-15.41480107894182,Storm
2612,41.91572649834815,-88.65266727672818,31717.853604482778,-1746.1842025648305,-132.79197912292858,-87.12162620616678,Storm
2613,41.91680163264003,-88.64889736826446,31688.73033947644,-1747.3959003802813,-40.00679268257258,-265.5648937870359,Storm
2614,41.91768221198707,-88.64551656969043,31659.403420563678,-1759.6151347655934,33.32289927368183,230.6060567827725,Storm
2615,41.91610323707362,-88.64705487963737,31629.97180373638,-1765.8970096380676,-139.30283481877905,58.68480804090842,Storm
2616,41.91830250466893,-88.64103670456679,31600.460397933173,-1770.684348192363,65.89568196433851,-48.399191748427,Storm
2617,41.91859522062622,-88.63883163277225,31570.862487438124,-1775.874629702911,80.43903494570799,-53.56107390539279,Storm
2618,41.917956661856145,-88.63848911043243,31541.257667188445,-1776.2892149806494,1.8549151909739692,-295.5881732673438,Storm
2619,41.91885227558825,-88.63507824308826,31511.491896421503,-1785.9462460166199,76.68804565387552,96.80560736683464,Storm
2620,41.9163862810685,-88.63839059224782,31481.65522199171,-1790.200465787574,-184.63964906946217,-79.04993556292015,Storm
2621,41.92029608734983,-88.62895133980518,31451.723500816068,-1795.9032705384582,191.61273631666694,-47.55806245882991,Storm
2622,41.91853502403467,-88.63085382655555,31421.60102994654,-1807.348252171488,0.7781620527366897,245.9580948958311,Storm
2623,41.919543572345084,-88.62721709005477,31391.380698927864,-1813.2198611206761,86.90475034630254,49.24207867453413,Storm
2624,41.92001302599446,-88.62465854287605,31360.99327266721,-1823.2455756392333,119.12187253642901,218.61975987358392,Storm
2625,41.91879664198352,-88.62547167101796,31330.533821107452,-1827.567093585415,-17.244771305093252,-14.934981040898776,Storm
2626,41.91866057586665,-88.62412416337175,31299.88678816799,-1838.8219763677805,-45.57962573926568,280.0236840110763,Storm
2627,41.92005231956868,-88.61972103608772,31269.25617037695,-1837.8370674624073,78.86650171614014,-250.06616027515662,Storm
2628,41.92086277547225,-88.61648048440063,31238.518459339426,-1844.2626622514176,145.1838493252074,-11.664035498239173,Storm
2629,41.917833235032155,-88.62091992540086,31207.676932834194,-1850.491590313871,-172.49843743100502,29.83035309798663,Storm
2630,41.91937415894985,-88.6162184376855,31176.669731733848,-1860.4320660207138,-33.134288409719176,226.64964291757497,Storm
2631,41.91866876267586,-88.61600959035353,31145.526212327437,-1868.6111643846327,-118.40215855624506,195.87876569530977,Storm
2632,41.92023082145364,-88.61126583291801,31114.402358019728,-1867.431258462589,23.0754764741811,-267.23381807191856,Storm
2633,41.92203473032168,-88.60603837530198,31083.166863270315,-1874.1296849648595,188.73812053019384,7.569146461919956,Storm
2634,41.91945813896078,-88.60957191814381,31051.848402544998,-1879.1076435190214,-83.649258307367,-18.35589480644512,Storm
2635,41.921873345105396,-88.60312186597461,31020.477587094323,-1882.2489270404983,143.1431134069956,-117.0581253689619,Storm
2636,41.91935990198475,-88.60652911233595,30989.08000500865,-1883.854925140278,-122.92944140531988,-222.55725184147113,Storm
2637,41.91992791641984,-88.60377344358581,30957.513387893105,-1893.997026932698,-80.8562406439155,168.02885222402608,Storm
2638,41.920770266714534,-88.60046910311647,30925.92068439836,-1895.5622096846694,-11.349453921895332,-163.51103778387602,Storm
2639,41.91969578367967,-88.60099842930623,30894.25370010532,-1900.0190575822173,-133.52600015610034,-100.36231409377254,Storm
2640,41.922938023600246,-88.5928943095851,30862.513421871194,-1904.4166940476084,175.96974915428353,-94.18397244598538,Storm
2641,41.923278104839994,-88.59059450722566,30830.670597756976,-1910.569446853104,195.24963038185416,-8.861726540786321,Storm
2642,41.92018954663682,-88.59515198375205,30798.650880356196,-1921.1830440468623,-128.33443268393967,234.68405507610566,Storm
2643,41.921461594883674,-88.59098824737838,30766.513946095514,-1928.2160556409592,-15.857850746069232,125.80280610271467,Storm
2644,41.92370230215145,-88.58488719296288,30734.386834880464,-1927.62667290293,193.48463328366068,-269.8947898080156,Storm
2645,41.92030151648524,-88.59006912441534,30702.101335768675,-1937.1299467073748,-161.32217608497314,132.2740448776537,Storm
2646,41.921189320686736,-88.58667387613237,30669.7972265865,-1938.246550930527,-87.2699986818112,-189.41916182994055,Storm
2647,41.92036675062031,-88.58669937638525,30637.480100977013,-1939.0275365692275,-184.2552480721082,-286.8919728082789,Storm
2648,41.92345452794099,-88.57890418186395,30605.11504793629,-1941.903182443218,109.79424124791637,-219.33994357827,Storm
2649,41.92237475041987,-88.57944409702623,30572.60919077031,-1950.3514299590452,-12.911753611539638,63.538089107689814,Storm
2650,41.922364557585745,-88.57784484281451,30540.101532437126,-1950.45949999092,-28.659279772461502,-283.7360085982601,Storm
2651,41.923932438821296,-88.57308944046346,30507.565497382577,-1952.1621032728672,113.40060103516356,-293.6920652750079,Storm
2652,41.92399327481592,-88.57134812859424,30474.819256365652,-1964.7744610154984,104.75595775099362,235.98269627287368,Storm
2653,41.922824357350116,-88.57206632364588,30441.97968070736,-1970.3745394974567,-26.864031577131072,21.325483858678922,Storm
2654,41.923148213663836,-88.5697989711385,30409.062401356012,-1975.036761081058,-9.206642952938495,-66.47482882593673,Storm
2655,41.924937260662325,-88.56460123726156,30375.96006384031,-1986.1402509422078,154.9698141481441,236.36010640199424,Storm
2656,41.922878110406884,-88.56709989789248,30342.756718632074,-1992.2007124941151,-65.67345414338618,69.04185240881878,Storm
2657,41.92538975762438,-88.56045696357754,30309.373199451136,-2003.0111508561938,170.76302485834566,277.23509936481094,Storm
2658,41.923865245964954,-88.56188634701641,30275.933005231665,-2006.4116531681454,3.5836161688190202,-28.305116829403914,Storm
2659,41.92309146949446,-88.56181426007744,30242.312456823325,-2017.2329045004585,-88.52227362858969,275.323123914246,Storm
2660,41.92269523187611,-88.56098709543419,30208.615454851,-2021.820118339544,-142.87427821085305,47.89774562863499,Storm
2661,41.92340145815577,-88.5579550029949,30174.886553573604,-2023.7340766437662,-86.97989299254445,-132.59502579132203,Storm
2662,41.92403841386268,-88.55506145170112,30140.965756099762,-2035.2478484306196,-38.012565049524625,299.2757614893927,Storm
2663,41.92278568716801,-88.5559472652105,30106.974758518045,-2039.4598549030222,-178.01347726407118,47.125090922118886,Storm
2664,41.92304339300026,-88.55381221366603,30072.980684380494,-2039.64444825294,-166.97113678588914,-207.28750200568862,Storm
2665,41.92461863856269,-88.54904208266122,30038.889140847765,-2045.4926119637557,-24.17482329084052,6.276078807864792,Storm
2666,41.924042838856536,-88.54857404219358,30004.7545056643,-2048.078111008017,-96.4830366541904,-110.1257214753503,Storm
2667,41.92350281973158,-88.54803444056353,29970.568663398146,-2051.150535969303,-165.21319189762679,-118.06812969344969,Storm
2668,41.92716846783556,-88.53908350447561,29936.200447685325,-2062.0929427692413,186.6233757522176,266.82442900348906,Storm
2669,41.92478902966605,-88.54222274093466,29901.758500054762,-2066.516857833814,-66.048683945206,42.51236176725695,Storm
2670,41.92723518049742,-88.53571079939196,29867.34033282406,-2065.0900338420843,163.83815644437772,-296.289706415462,Storm
2671,41.926986815641804,-88.53458788922323,29832.72664064767,-2076.821530583442,124.27342813503674,269.0217316733514,Storm
2672,41.92425666672527,-88.53842854717635,29798.121825121158,-2076.288931590792,-163.4697062665772,-203.1313883802474,Storm
2673,41.927881631426494,-88.52955897789394,29763.412152549816,-2082.580354280566,184.29852110854216,22.52408618420776,Storm
2674,41.924242715180775,-88.53521717050542,29728.67074417211,-2084.4845026623916,-194.32134621131053,-145.42080074188252,Storm
2675,41.92613298576743,-88.52981698945214,29693.795598080033,-2092.5087655245748,-20.022530292456167,115.74534661486064,Storm
2676,41.92741313501038,-88.52563705108628,29658.748075246098,-2102.851370036167,93.26415125471982,297.25290775527367,Storm
2677,41.92577782072285,-88.52728803978138,29623.639308538255,-2106.5260024706095,-84.9955202464964,22.932061121085155,Storm
2678,41.926908352544224,-88.52340733625869,29588.476235243616,-2109.7843976782906,13.329419143842017,-56.6128443316575,Storm
2679,41.92559898835564,-88.5244064247559,29553.13735951911,-2120.3325434702792,-132.33524246303193,286.4739379103055,Storm
2680,41.9284828919544,-88.51701897767839,29517.749322583055,-2123.2822161632876,141.3268746666344,-1.00018302345768,Storm
2681,41.92762988732595,-88.51710534705535,29482.344991317634,-2124.2598759252855,41.298169073611916,-163.64336786420262,Storm
2682,41.92753933634425,-88.51566680913878,29446.81517126003,-2131.789203456198,17.51482815669877,116.98207987288549,Storm
2683,41.927572138603715,-88.5139815647399,29411.123474298354,-2141.501817700493,6.066811354635519,294.1711023509647,Storm
2684,41.92810411954264,-88.5112979629821,29375.412498500125,-2142.6585478937495,44.53666249909048,-77.41577244469858,Storm
2685,41.928894643455585,-88.50809727527624,29339.693084610728,-2143.1648333638173,108.86081104633524,-197.72249305101477,Storm
2686,41.927491381027416,-88.5092841602526,29303.91655812568,-2146.5915891029945,-46.19367451749338,-91.82462977344849,Storm
2687,41.9278278285805,-88.5069916252665,29268.00157239408,-2154.899143895731,-27.277161956889103,169.06789555723577,Storm
2688,41.9281845747562,-88.50465849303512,29231.96818107041,-2162.003479420414,-6.330787134637006,176.40867015957764,Storm
2689,41.92870112066758,-88.5020057613324,29195.910796232623,-2163.4430902671984,30.595561255946365,-94.7583392054668,Storm
2690,41.92978236245723,-88.49822363787315,29159.828076860686,-2164.963162316319,123.99149747338896,-157.02619766814504,Storm
2691,41.927587261829174,-88.5009941992493,29123.658724067976,-2170.1611675626273,-110.2468080800818,2.7017544329014527,Storm
2692,41.9278804093213,-88.49878826438508,29087.513495616866,-2168.7137070665503,-95.66030161516443,-294.5477790292702,Storm
2693,41.929577484874116,-88.4937744733995,29051.264325130902,-2174.950229157744,59.31901091952062,6.656292883438823,Storm
2694,41.928913648450376,-88.49348250636702,29014.842551125083,-2185.306440349161,-21.792874202735533,280.1811087709892,Storm
2695,41.92956365635573,-88.49056285067634,28978.2950926805,-2192.8475066749284,28.47967358516547,218.05894667363066,Storm
2696,41.92798394299218,-88.4921026375235,28941.680906910038,-2196.851146227569,-144.21990551793593,41.523877877656616,Storm
2697,41.93104534298175,-88.48436019766439,28904.98499581216,-2201.7546658726906,147.1918506923612,49.8634543679388,Storm
2698,41.93059276361481,-88.4836457165183,28868.25090129181,-2204.0456712210866,87.2056712508006,-76.77385931267557,Storm
2699,41.928237787397926,-88.48673602907212,28831.450306938284,-2208.0356612114297,-163.02019318517335,-25.259822923757156,Storm
2700,41.92959318932061,-88.48240558534678,28794.50439739948,-2216.754572328356,-42.208243664457,220.23610942736843,Storm
2701,41.929138535394145,-88.48169525331976,28757.41553585134,-2225.331692888369,-102.40187905901111,280.04053652106484,Storm
2702,41.932142389091425,-88.47406790604525,28720.337310270974,-2224.693534822168,183.25524792179846,-151.42101415713677,Storm
2703,41.929849326861586,-88.47703439062495,28683.104852120214,-2233.947489045524,-60.77921780907181,237.33344452433096,Storm
2704,41.93247089035074,-88.47017162376667,28645.84122367834,-2235.817706512471,186.648888358443,-33.93653829837359,Storm
2705,41.930035672077196,-88.47342242043382,28608.50868641108,-2239.952236035438,-71.60118174364086,15.6564079509252,Storm
2706,41.93165004314758,-88.4685740384131,28571.160987502102,-2240.8619345388074,75.10768254629392,-135.91529077501212,Storm
2707,41.93199214144806,-88.46627020193216,28533.82800337607,-2239.9790475619097,94.58926984762911,-269.0055857312154,Storm
2708,41.92939070914812,-88.4698534266521,28496.42715702031,-2244.050781345808,-180.28220289423342,-68.22737691267287,Storm
2709,41.93075470637278,-88.4655057923228,28458.98581605269,-2246.4804580571017,-58.61072317571177,-110.62007077970864,Storm
2710,41.93145217508269,-88.46249121502302,28421.49780529086,-2249.280645709697,-3.592094932435998,-107.55985061305725,Storm
2711,41.93040441013336,-88.46296710504173,28383.963759498314,-2252.04274755271,-123.09683261276322,-114.31827054683944,Storm
2712,41.93368227797821,-88.45479172947208,28346.361038734925,-2256.1632458034214,189.961709124094,-53.33194980309085,Storm
2713,41.93170879442188,-88.45711905670477,28308.660592853463,-2262.026752887812,-22.11488925666569,45.92699397068401,Storm
2714,41.93401058881557,-88.45089582803743,28270.93835028068,-2263.3345543669298,193.33630736569063,-155.03923413854218,Storm
2715,41.93294963661152,-88.45139809256557,28233.082285482167,-2271.36388791083,72.5128442129735,129.59081612503445,Storm
2716,41.93280108826404,-88.45007554938056,28195.242109159986,-2270.410579330957,42.92976671722636,-246.85299621801354,Storm
2717,41.93322656212766,-88.44760496177338,28157.39088480649,-2271.073461209724,70.74891033103057,-261.5431733782947,Storm
2718,41.93305092605002,-88.44633659404869,28119.387958466614,-2280.17558039261,38.45705981995877,143.74870633304562,Storm
2719,41.93165751744178,-88.44750377138521,28081.24666626345,-2288.477532189822,-115.61204375201983,204.9732045256644,Storm
2720,41.9310823355289,-88.44703449533101,28042.976345608142,-2296.2192393185023,-187.8584777867983,206.28771819498365,Storm
2721,41.932949518936816,-88.44168048863521,28004.707309861034,-2296.142144826531,-15.868379742893978,-169.4472360410133,Storm
2722,41.931790597741696,-88.44237869114549,27966.261912821974,-2306.7238223436825,-146.4887420024128,271.98430054942355,Storm
2723,41.93169342993952,-88.4409533868699,27927.82924322069,-2305.9601760768833,-170.93376496753731,-180.5439480384446,Storm
2724,41.93294133940641,-88.43683792805615,27889.288578334297,-2312.439893183546,-60.871061026781604,72.14090937667225,Storm
2725,41.933876536785256,-88.4333478934185,27850.75905086884,-2311.77164792744,17.920434110439345,-224.61390455261161,Storm
2726,41.93300352680658,-88.43347427349589,27812.192082763253,-2314.018086335194,-84.10880650471415,-156.74893734838554,Storm
2727,41.93284606871706,-88.43216954979496,27773.55544655213,-2318.1981726673216,-114.58285820386345,-53.313398112007775,Storm
2728,41.934955305536946,-88.42633143627523,27734.895101859358,-2319.6206815663136,81.61258103666273,-169.52824066965843,Storm
2729,41.93375317767287,-88.42711605212344,27696.165260258633,-2323.790496043426,-53.328448118807444,-65.44954389530264,Storm
2730,41.936339570699275,-88.42032362619067,27657.260447331704,-2334.2887756158175,190.5826117741641,272.7998141274413,Storm
2731,41.93578157734001,-88.41981997302922,27618.35464295506,-2334.3482625988054,120.05503310083037,-155.00464750848892,Storm
2732,41.933000458692845,-88.42376257044359,27579.399176495557,-2337.327987570023,-172.78507436333211,-109.85751736762515,Storm
2733,41.93394277006169,-88.42025830782595,27540.35806227566,-2342.4668531937396,-93.28218022646766,3.5554800878363153,Storm
2734,41.9361337859317,-88.41425663620596,27501.170094673038,-2351.2780561572995,111.0911640271172,214.9937633273148,Storm
2735,41.936549613060556,-88.41180534206829,27461.955751678754,-2352.860579657108,137.9456341642034,-84.19466326615935,Storm
2736,41.93606637652023,-88.411152175269,27422.701469062707,-2355.256956962777,74.89373738427315,-112.29948148546796,Storm
2737,41.9337083437468,-88.41424860093588,27383.32573704226,-2362.5439212268047,-175.63778270592692,120.9391593617654,Storm
2738,41.933651314211616,-88.41274302012629,27343.907250084394,-2365.109217471976,-196.06897897208486,-54.49044752490687,Storm
2739,41.93507680350602,-88.40827240165753,27304.37585317806,-2371.8838143800626,-68.2482922791697,116.02652311131146,Storm
2740,41.93697155074733,-88.40286326729495,27264.8247971753,-2373.0633601654245,106.49818910415155,-117.5432184172297,Storm
2741,41.93730035934155,-88.40058601022655,27225.237111766146,-2375.261124549379,124.6508057779414,-123.64994369703973,Storm
2742,41.935986439151186,-88.40159421072732,27185.523703437295,-2382.804499731008,-21.46945600537552,136.21111620848035,Storm
2743,41.93712009705561,-88.3977072550385,27145.65492717212,-2392.1265759104544,77.16809168991546,292.42108338732,Storm
2744,41.935396342663054,-88.39953512394365,27105.71372299107,-2396.472250862904,-109.93559031362724,97.3907481237494,Storm
2745,41.93708170862677,-88.39454475213627,27065.63742725763,-2404.57774400639,43.87276331031097,249.0590726940179,Storm
2746,41.93541571198772,-88.3962571055344,27025.474759038552,-2409.7600931446673,-137.45514334204998,151.07889815215975,Storm
2747,41.9372106203137,-88.39104764900249,26985.31668282728,-2409.4845726763474,27.307446507507336,-135.20047812725676,Storm
2748,41.93698256793268,-88.38988411388456,26945.127076784614,-2411.3763625599777,-10.226034341130372,-99.73404175812132,Storm
2749,41.93754936431472,-88.38713088124052,26904.79494669812,-2419.9278051897045,31.725361115384345,233.40036648879948,Storm
2750,41.9376566130687,-88.3852967438526,26864.400568271085,-2423.6627056219827,27.721993764880807,79.03345099595043,Storm
2751,41.93760166694698,-88.38378699621609,26824.049962054014,-2421.036373024215,7.4991388458837775,-269.30069613271445,Storm
2752,41.9366053922135,-88.38415990580309,26783.623438436993,-2425.591417021323,-106.8565772495623,-4.798962340750336,Storm
2753,41.937062181548455,-88.38162668725322,26743.20198179917,-2425.287398269305,-75.9058865021181,-190.94184134328347,Storm
2754,41.93798505420862,-88.37816130205293,26702.73979117956,-2427.7314371767434,1.6531367673753152,-106.3141239312898,Storm
2755,41.93714823584112,-88.37821529890796,26662.21276909727,-2431.6213249373413,-96.75694273063411,-21.608749535771494,Storm
2756,41.936796224728226,-88.37729968125379,26621.53425300358,-2440.710965621296,-146.68629676713073,256.64743984524443,Storm
2757,41.93988117851506,-88.36951013380018,26580.774240009836,-2445.6007796247804,147.08083916769561,124.57235144432121,Storm
2758,41.93698250786121,-88.37368783522791,26539.912112742768,-2451.7276360241726,-157.51446896461752,165.5263526818158,Storm
2759,41.93993676429077,-88.36615968248883,26498.955740957674,-2457.3823071055663,123.18293124360758,160.6587706286026,Storm
2760,41.93730808095428,-88.36979740928184,26457.932483469212,-2461.395449307602,-154.41364515230353,86.34477424065881,Storm
2761,41.94033679901628,-88.36212033327789,26416.85143621722,-2464.8628351195543,133.72991829975945,46.41204073180063,Storm
2762,41.93973241176167,-88.36170946790715,26375.73376142793,-2467.060487357313,58.56295009123562,-24.981912344216312,Storm
2763,41.93940889396777,-88.36073686361499,26334.657838631232,-2464.555367802015,11.482927953621044,-279.37388498896485,Storm
2764,41.9399971992036,-88.35794061326337,26293.589349372352,-2464.1093555327498,55.58520878931384,-251.13167226530447,Storm
2765,41.93932868792054,-88.35765799594951,26252.482735751506,-2466.3968172507884,-25.994162263910653,-124.40694139955531,Storm
2766,41.93991762377151,-88.35486048436763,26211.37675253517,-2466.358992980143,18.171180084685233,-219.95019868607574,Storm
2767,41.940649768006026,-88.35177655601863,26170.12806669816,-2474.921150220648,76.6573607893273,177.00692215708222,Storm
2768,41.93868389462458,-88.35408866290156,26128.908151555606,-2473.1949085530796,-134.6582201027374,-237.4121475888707,Storm
2769,41.93875982118424,-88.35231716990229,26087.527949122836,-2482.8121459662902,-141.79380688505634,226.27653713910104,Storm
2770,41.940437798727594,-88.34734157493563,26046.108658126133,-2485.1574598020884,11.27570470254247,-19.64340239549847,Storm
2771,41.93889917138445,-88.34879918974194,26004.596044180445,-2490.756836741285,-157.3152723590583,89.73360405417708,Storm
2772,41.94209160490309,-88.34079468282471,25962.964659645968,-2497.8830720687515,147.19983675803599,196.91152159407176,Storm
2773,41.94127110779891,-88.3408160371531,25921.377286859864,-2495.242367166226,50.42188359232051,-254.83277000899582,Storm
2774,41.93936375949917,-88.34301109387262,25879.80101401847,-2494.5763704835617,-155.0411891295948,-270.4146077341052,Storm
2775,41.940091370683916,-88.33993623162318,25838.212174551558,-2495.330368014668,-97.00831340301228,-218.60311970377336,Storm
2776,41.94024892840643,-88.33800147629819,25796.56088421007,-2499.0774204892277,-95.98078389902645,-68.965166568623,Storm
2777,41.943127949809174,-88.33062379361273,25754.812606945296,-2504.8966358864063,177.19311362845428,66.22563586901526,Storm
2778,41.9428431962431,-88.32957366086492,25712.959703127253,-2511.1742290826314,133.9895142731849,126.21090042739934,Storm
2779,41.94010059604995,-88.33343922137126,25671.005040310603,-2517.279768998896,-154.9987477893473,141.55224382436933,Storm
2780,41.94089826148156,-88.33022425062809,25628.972783621804,-2521.935401327993,-89.96044737635023,83.46470819682384,Storm
2781,41.94130899627737,-88.32778314115652,25586.78921340415,-2531.014213059336,-63.61521054280459,298.6033579587955,Storm
2782,41.941146636728256,-88.32648822037477,25544.620189159166,-2530.141454698974,-94.57940820128887,-132.5217175354382,Storm
2783,41.94396240226,-88.31923704943132,25502.482391298414,-2528.2678716450673,172.26890222495933,-285.2133572182064,Storm
2784,41.94317375161672,-88.31919471083793,25460.21868498007,-2535.822379100497,78.67559514927876,135.19583444152687,Storm
2785,41.94387979240234,-88.31616298938673,25417.813070736236,-2544.336854630094,134.55143096415975,284.6635863830852,Storm
2786,41.9445839681968,-88.31313499791784,25375.464460297128,-2540.9166263464226,190.24076766266097,-260.83394546012164,Storm
2787,41.94411620023867,-88.31245089395416,25333.011453828003,-2547.1803881474357,128.73572910116098,87.78596019442881,Storm
2788,41.943565493912615,-88.31193266672629,25290.585008545622,-2545.5867169429443,58.93685374923649,-222.99004403118312,Storm
2789,41.943724156468384,-88.30999570173479,25247.987211016403,-2555.8678517531157,60.07486657826132,289.4895483607487,Storm
2790,41.944917964508235,-88.30598844577514,25205.370420390816,-2557.0074375352274,164.7274278157788,-36.52160351708966,Storm
2791,41.9415777645507,-88.31104920581025,25162.72559966209,-2558.6892437235642,-184.02081068556225,-82.62390599987711,Storm
2792,41.94487081633144,-88.30284346236881,25119.979894894666,-2564.742286045606,130.5561246402221,120.89946087909959,Storm
2793,41.943549912134884,-88.30386563088197,25077.280074574006,-2561.989219239592,-16.262537762417452,-266.9390789047013,Storm
2794,41.94356739885127,-88.30221101756922,25034.50965536504,-2566.225152537893,-29.242108870678948,-18.58503616926987,Storm
2795,41.94572132449903,-88.29628352639374,24991.652284478405,-2571.442253198196,171.42221315765437,84.65166214929565,Storm
2796,41.943400996461556,-88.29930454258874,24948.74083293615,-2574.6870925352596,-75.33883333814045,15.190958670432849,Storm
2797,41.9425658884537,-88.29935511872449,24905.68143758649,-2583.563720979697,-173.57787687113597,283.54094138984215,Storm
2798,41.94388918925761,-88.29508887723671,24862.5987009218,-2584.9641998813713,-55.976039227709606,-13.27958705211853,Storm
2799,41.944017367974304,-88.29321287992336,24819.429708067324,-2590.1395712685544,-57.88641030523095,109.50703806972007,Storm
2800,41.945392443138154,-88.2888430897157,24776.178945103456,-2595.0457778321334,64.89286333183719,129.19338631748138,Storm
2801,41.94396336985076,-88.29008159641052,24732.93018026061,-2594.925890570728,-92.74270815523167,-110.5989113015604,Storm
2802,41.943539084284176,-88.28931052766374,24689.59527655299,-2600.0942224572277,-149.89950756151683,93.30598310766754,Storm
2803,41.94334455029661,-88.28807995575892,24646.20229043803,-2603.5791668978513,-184.08114906573897,58.609401314075456,Storm
2804,41.94681142775415,-88.27952656096387,24602.69094521987,-2610.6807130894576,147.87835394065354,234.49928897378015,Storm
2805,41.945276077683694,-88.28097762122482,24559.164796671743,-2611.5689128876083,-20.38489585201532,-24.41778707215576,Storm
2806,41.943935085801726,-88.2820399651088,24515.561528058475,-2616.1961167960935,-169.21232679679306,102.45901526582145,Storm
2807,41.94705952917866,-88.27417143847497,24471.977066557014,-2615.0676900877484,128.50376814913818,-153.20696723717217,Storm
2808,41.94560697745118,-88.27545690204998,24428.27009205685,-2622.4184700097667,-31.479647346654133,203.3036020591622,Storm
2809,41.947577538222774,-88.26989614062683,24384.589412645648,-2620.8407646721616,150.84818706491518,-154.09201184146443,Storm
2810,41.94641862131777,-88.27059433455688,24340.91532658057,-2620.4451639047365,20.228253816545703,-184.50410961850378,Storm
2811,41.944771136263626,-88.2722696647852,24297.097643878427,-2629.060962128564,-159.24849434417737,246.6723008351745,Storm
2812,41.94779293365148,-88.26460643012953,24253.202953217075,-2633.681439681156,128.20300169284366,156.02094108190437,Storm
2813,41.94485325133728,-88.26886615487797,24209.210787860236,-2639.5299214103534,-180.49347247474384,206.23727562615449,Storm
2814,41.946557644793124,-88.26383772808633,24165.22874245992,-2638.922724018907,-24.7823696378465,-94.56292602248422,Storm
2815,41.947138656361076,-88.26105606507046,24121.282334764164,-2636.784461745258,18.590544410150585,-245.1880543658665,Storm
2816,41.94812661954186,-88.25746049882892,24077.2566168252,-2641.5430763378704,102.65861974095952,49.461046132977515,Storm
2817,41.94599367615942,-88.26010674571386,24033.252607234517,-2640.2405754409847,-125.36396125073298,-187.06068013857265,Storm
2818,41.94613159280569,-88.25821127254135,23989.27522457139,-2638.6429597876063,-126.30053937093031,-265.7985674688396,Storm
2819,41.947893074424364,-88.25306866942404,23945.15659030248,-2647.1180561346914,35.11937974867391,204.20890655310484,Storm
2820,41.94575915591031,-88.2557168665722,23901.093825924727,-2643.765862665123,-193.00071440504456,-270.59721301723584,Storm
2821,41.94812752658858,-88.2493604853357,23856.89290068774,-2652.055514219233,29.108110674778317,191.6974112316314,Storm
2822,41.94729068347158,-88.24941453168972,23812.685903927755,-2652.419805599183,-69.30444377254656,-90.23136071536669,Storm
2823,41.94851639632677,-88.2453434660994,23768.465839798766,-2653.2038477394035,38.53859899871037,-135.4722665255118,Storm
2824,41.946384726228565,-88.24798716641584,23724.134771836812,-2659.86407771717,-189.35665356892633,141.13711086095765,Storm
2825,41.9489281748435,-88.241280629306,23679.747188940324,-2663.254973789228,50.25996517658123,48.45359943339548,Storm
2826,41.94953959413518,-88.2384381508427,23635.27882333648,-2668.10193623056,96.67365159672926,105.13850253722251,Storm
2827,41.947543667999405,-88.24081036323429,23590.800774654323,-2668.6829209295884,-117.64720472867154,-88.51137183398933,Storm
2828,41.94737186304087,-88.23953433327138,23546.341738258157,-2667.542183769979,-149.55594332855,-222.08579194927137,Storm
2829,41.94971948788706,-88.23321944369906,23501.741838505048,-2675.993985186514,70.47829854261568,215.16006418949894,Storm
2830,41.951012917664556,-88.2290129442641,23457.083891927115,-2679.4767946758298,185.09303354445564,77.00827052966662,Storm
2831,41.94804567505003,-88.23332778961318,23412.46422860518,-2677.179799316221,-126.35947065561722,-236.60979273064157,Storm
2832,41.95070795607021,-88.22638358769288,23367.760597250803,-2682.2178812625607,125.14038861470311,47.25388581599958,Storm
2833,41.95007697469559,-88.22602591056214,23322.954469440014,-2688.367668647277,47.314008405487925,168.87725325282554,Storm
2834,41.95056422594995,-88.22343176817347,23278.047953459292,-2694.3909588432202,81.31089109298063,200.674951713658,Storm
2835,41.94812325508833,-88.22669407001675,23233.065013939937,-2698.976371161292,-177.5144378160486,148.51238204790292,Storm
2836,41.951449092923255,-88.21842275446694,23188.097009369136,-2698.0802742479914,140.34110292883815,-128.31897452501138,Storm
2837,41.95075475341742,-88.21819179359865,23143.115119039627,-2698.9134197705853,56.17890959730113,-111.50276169781674,Storm
2838,41.952172131014855,-88.21373739852383,23098.174163132157,-2696.457354448272,183.1884265929816,-279.94585653869774,Storm
2839,41.95080670055172,-88.21484861957012,23053.229447328773,-2696.682948202977,31.91713753318203,-200.09787177029096,Storm
2840,41.95148369242458,-88.21187499594444,23008.281148225513,-2696.8979461955573,84.88808207086345,-194.46582994880276,Storm
2841,41.94972362707894,-88.21377548675578,22963.26266274672,-2701.109128727452,-105.84669524065697,-3.3775133725451383,Storm
2842,41.95258871625881,-88.20642566851608,22918.245330364323,-2701.0399429438876,165.93397999875123,-172.9713767112175,Storm
2843,41.94965361897077,-88.21067622321219,22873.104749070648,-2708.434877620436,-142.3039915527586,155.38609911241838,Storm
2844,41.95122641944312,-88.20591098238755,22827.838597770267,-2715.9690780228884,0.24781293357239065,247.07106742906285,Storm
2845,41.949957681969885,-88.20682881745404,22782.512729628266,-2719.5520885200735,-141.35417713606307,87.5567358138236,Storm
2846,41.95045002275333,-88.20422449600719,22737.215656519813,-2717.824386507183,-106.84834153927399,-205.9437428090164,Storm
2847,41.95239950625683,-88.19870588912023,22691.83464504967,-2722.8606882086324,73.3717660629082,56.21077194523991,Storm
2848,41.95283238085713,-88.19622050003967,22646.447283306505,-2723.2417045897623,101.93098334493249,-114.32245413229057,Storm
2849,41.95175224007669,-88.1967611417206,22601.02005677471,-2725.6335919076737,-20.811337447124032,-56.71699420174892,Storm
2850,41.954043993734494,-88.19055799452502,22555.57920057446,-2726.4513720150076,193.63578558660566,-124.65062595636726,Storm
2851,41.95143418725949,-88.19415796759507,22510.10537923477,-2728.4292803812996,-82.07310466129326,-87.27107470283556,Storm
2852,41.952660577058744,-88.1900855481166,22464.620740024275,-2729.078352629836,25.837632516128593,-148.60635344175284,Storm
2853,41.954210642922575,-88.18536577650899,22419.11596119269,-2730.286729895158,166.11597615170956,-140.5886610802419,Storm
2854,41.95428002851477,-88.18360736544463,22373.622210917543,-2729.6250165087154,158.3262926240779,-237.9149618120492,Storm
2855,41.95347029882561,-88.183607184943,22327.967991779264,-2739.253148296772,62.62508095986095,244.19131106294617,Storm
2856,41.95166632819707,-88.1855954863201,22282.182643017564,-2747.1209257018845,-132.50022464070818,280.996176059553,Storm
2857,41.952950146312624,-88.18140821020904,22236.280293643074,-2754.1409624693556,-18.846655833795324,267.42906506461463,Storm
2858,41.95399317547295,-88.17770251200842,22190.39491774945,-2753.1225536174893,70.72801745201878,-119.04787807586908,Storm
2859,41.952186387825584,-88.1796964474232,22144.495642106525,-2753.9565385755113,-124.67899003315743,-117.75897226494035,Storm
2860,41.95195252979044,-88.17854452361354,22098.612323215206,-2752.999133479116,-162.79303629493,-213.67922019400214,Storm
2861,41.95214638434225,-88.17653717462996,22052.678153669054,-2756.050172769006,-158.13582386140754,-46.23387375506536,Storm
2862,41.95505733851337,-88.16909562640774,22006.76137348783,-2755.0068108736223,118.23135050303455,-215.16986747019587,Storm
2863,41.952543589168506,-88.17250348521752,21960.745607803558,-2760.945941056235,-147.87182673106565,86.05736971039846,Storm
2864,41.952958321791165,-88.17005438009224,21914.764742968906,-2758.851890078989,-121.12680721277349,-241.43397713460504,Storm
2865,41.95298426660359,-88.16838285058742,21868.625633569576,-2768.3465639598935,-133.26056871776893,254.2388375260657,Storm
2866,41.95575003972935,-88.16123166445595,21822.484676148342,-2768.457445274108,128.58850111047633,-87.56126258694354,Storm
2867,41.955234720215024,-88.16064266360463,21776.27933847431,-2772.320260441899,62.328306930957126,22.365404200822866,Storm
2868,41.95546721662712,-88.15855803090048,21729.98979047624,-2777.37287988419,70.8497053930256,109.60269147765558,Storm
2869,41.95542093806091,-88.15703094815295,21683.708692693923,-2776.865866938953,51.49360602399719,-140.33917887761484,Storm
2870,41.9532093101112,-88.15983456417241,21637.377598743224,-2779.8656370418685,-184.39743169487275,-26.65993080593472,Storm
2871,41.95676446239439,-88.15110461972607,21590.982103574755,-2783.7297101080544,156.38955387628152,41.69835511114553,Storm
2872,41.95667741344991,-88.14965907773508,21544.444311958017,-2792.267497004356,132.95641668076314,294.9746057767369,Storm
2873,41.954149596527124,-88.15309507170068,21497.849326041647,-2795.6991549821323,-134.5535183446895,115.06658348518937,Storm
2874,41.95633958843285,-88.14709544800927,21451.128965526797,-2803.221630890921,69.71742948000986,287.97326841496704,Storm
2875,41.957732099501335,-88.14269078599234,21404.360354426357,-2806.11666602638,194.2402935811201,112.00716703447767,Storm
2876,41.95491143816093,-88.1467124687932,21357.510165559244,-2811.011332026785,-102.55408320712229,179.13350287835942,Storm
2877,41.95451237795732,-88.14589094932045,21310.5899148093,-2815.215044996668,-157.18834631558477,168.41958250297722,Storm
2878,41.957872328344536,-88.13755140866607,21263.681027229777,-2814.533254771426,164.0784496578786,-70.29996313893884,Storm
2879,41.95690136745536,-88.13787369056445,21216.754169986787,-2815.6114345794545,52.25411799323217,-41.914360741904204,Storm
2880,41.95627716892285,-88.1375024477495,21169.833586866516,-2815.23498721618,-24.893978004748618,-113.77746653512796,Storm
2881,41.95772190961218,-88.13299332649089,21122.785780112088,-2822.868405265741,104.85184818012982,261.70593849990314,Storm
2882,41.95858367699479,-88.12965015184571,21075.795237904913,-2819.4325324304236,176.30034369378444,-195.1312290750397,Storm
2883,41.95846693058396,-88.12826400478741,21028.711364676794,-2825.0323936870655,149.89745986262642,142.4588648562733,Storm
2884,41.956126588015564,-88.13132505004424,20981.69516864741,-2820.971761762983,-98.8650397238843,-259.6292322470913,Storm
2885,41.95633450990782,-88.12928956637977,20934.542422627856,-2829.1647611732187,-92.80109324624881,247.32494206891533,Storm
2886,41.95794251796734,-88.12445391038077,20887.33310589086,-2832.559004219828,53.27146995830893,132.63279653872308,Storm
2887,41.95658569509967,-88.12554791623616,20840.0614686188,-2836.2982363236238,-97.13905955636166,131.63289334489218,Storm
2888,41.95581685414783,-88.12546595825988,20792.798297525314,-2835.7902656091096,-188.7513974888305,-74.80719253619174,Storm
2889,41.95835866394436,-88.11876269878685,20745.572044992095,-2833.5751519930527,50.701339416932484,-212.34206067520785,Storm
2890,41.95929094727545,-88.11527849224471,20698.34983724701,-2833.3324647051263,129.2014297787739,-158.98122071284882,Storm
2891,41.95875533985641,-88.11473006720283,20651.097911691108,-2835.11553335411,60.912445127378476,-56.88171445480219,Storm
2892,41.95867767221453,-88.11326576260663,20603.88204864011,-2832.9517830599816,38.417438191058864,-235.5296684226551,Storm
2893,41.956508431459774,-88.11598460423619,20556.524063392164,-2841.4791148768086,-193.23488003135708,245.73865642818066,Storm
2894,41.95766658272264,-88.1120486618305,20509.08247047826,-2846.4955748342663,-92.14799649312688,191.80620166827543,Storm
2895,41.960732746316936,-88.10429669476194,20461.67911327338,-2844.2014322928353,199.7401201888801,-173.14124520065332,Storm
2896,41.95794331050725,-88.10825592650136,20414.193400175736,-2849.142785858715,-93.93170352665776,97.71587258079938,Storm
2897,41.96089170450839,-88.1007394986191,20366.596498677485,-2855.8140898950714,186.17945384024847,249.48860891444633,Storm
2898,41.95918869447773,-88.10252587880046,20318.928707210303,-2860.0674880309753,1.150208026233969,177.0661695160348,Storm
2899,41.957867458237345,-88.10354871140129,20271.151563810243,-2866.6286040037107,-145.70165876003958,286.46291052240736,Storm
2900,41.96132917018857,-88.09500564761888,20223.441043899413,-2862.6311946499045,185.74129361439458,-201.76262527249742,Storm
2901,41.95881673217911,-88.09841088375782,20175.769146829884,-2860.3138241718307,-80.23075007875735,-239.90700149593985,Storm
2902,41.958853192502964,-88.09671832323016,20127.98423403303,-2867.094767811384,-91.31296044072812,189.57347364912397,Storm
2903,41.95942686696351,-88.09395133442911,20080.2666851854,-2863.0529308576456,-48.6737571338962,-246.96181971194497,Storm
2904,41.95942978906144,-88.09232585035329,20032.400576177963,-2871.966540446353,-63.10979008843819,288.83000054476804,Storm
2905,41.96072690377084,-88.08811198105454,19984.54377439994,-2871.4081066814906,51.87343810368117,-50.30343215630535,Storm
2906,41.959021605871264,-88.08990293697373,19936.556128845055,-2879.2587332929547,-133.384594601092,291.7060783702169,Storm
2907,41.9617861302818,-88.08275424827268,19888.60909742131,-2876.82188542475,128.33960370525148,-131.11361852944836,Storm
2908,41.95893029145511,-88.08684628604611,19840.713440979314,-2873.739386519798,-171.97252171152422,-266.0246655734652,Storm
2909,41.95927881169772,-88.08452960568093,19792.748440039974,-2877.9000563604486,-151.84874019778647,48.46115016865298,Storm
2910,41.962659635212,-88.07614831877241,19744.754652649575,-2879.627243423892,171.50536848219696,-1.953943196409341,Storm
2911,41.96246364588448,-88.0749206575475,19696.738436786454,-2880.9729517872493,137.1781929824789,-32.4680280841153,Storm
2912,41.9620734805652,-88.0740813483061,19648.639605496523,-2885.9298773958412,83.43341830713007,139.12364237190047,Storm
2913,41.96008228363322,-88.07644410229008,19600.547615101437,-2885.5194237051805,-130.41451763866453,-83.27036461451294,Storm
2914,41.962082919863235,-88.0708231899501,19552.50246447179,-2882.7090377788127,54.92086261520956,-257.58203508938027,Storm
2915,41.96112715441561,-88.0711150809654,19504.393218438658,-2886.554761987936,-55.38392489481737,20.879679768715448,Storm
2916,41.963813174064214,-88.06412340178822,19456.25289977912,-2888.419119572182,198.48979721785548,-15.279862426535544,Storm
2917,41.96323978554797,-88.06365053894076,19408.08736085692,-2889.932335332074,126.42270284572942,-40.759628960029374,Storm
2918,41.96330840383746,-88.06189366248181,19359.86154140816,-2893.5491669254784,118.55628904788358,57.248880972065024,Storm
2919,41.96381650514047,-88.05925781999582,19311.621000907155,-2894.4324300604885,154.63817660095935,-53.434468589934056,Storm
2920,41.96283462348122,-88.05960194343437,19263.313032492435,-2898.478104883279,41.72176792859153,78.01120837129645,Storm
2921,41.96223421999662,-88.05918311052362,19215.046265834164,-2896.005999496268,-33.04682327981067,-213.41277378751107,Storm
2922,41.96108620828454,-88.05985949406781,19166.820817460404,-2893.526902425626,-162.57623723506578,-289.99706964022016,Storm
2923,41.96435339014135,-88.05170549047425,19118.5816174258,-2894.3520020762057,149.41370569808583,-158.11505265678326,Storm
2924,41.961852562508966,-88.05508750585903,19070.235955047945,-2900.7397426711905,-115.39730028729278,141.6212402556393,Storm
2925,41.962433882391664,-88.05230522621368,19021.855671594,-2902.81700723667,-71.99355476504331,3.626815447101933,Storm
2926,41.96195114462798,-88.0516510618611,18973.345810816372,-2910.5916466577364,-134.9955738810175,275.8474328771815,Storm
2927,41.96485470839434,-88.04422429444841,18924.74660146861,-2915.952560865807,140.63256000689495,218.273773779002,Storm
2928,41.963222760216034,-88.04586855092506,18876.07904906441,-2920.053144252019,-37.290500571197924,157.41672822430365,Storm
2929,41.96231845227078,-88.04605752693563,18827.492739368765,-2915.178581738809,-142.44953784408793,-294.82859844493186,Storm
2930,41.961970121807006,-88.0451345479832,18778.832822107095,-2919.595035700123,-192.01082696878876,51.96104244273624,Storm
2931,41.96385909212516,-88.03973696746692,18730.13944780133,-2921.602458345911,-17.84203790082367,10.809209345111867,Storm
2932,41.96221464749332,-88.04140621685066,18681.429046880035,-2922.6240552776785,-197.01474383311225,-46.38802820554457,Storm
2933,41.96520435000393,-88.03380717194948,18632.69260192662,-2924.186697204958,87.22726448034433,-34.38377881953846,Storm
2934,41.96540823661185,-88.03177975885367,18583.972374260495,-2923.2136599676137,92.88768252488893,-160.18862136189912,Storm
2935,41.965879210231996,-88.02921817173342,18535.185032477963,-2927.2405069519305,125.25680179269017,53.05874427207135,Storm
2936,41.963616977039266,-88.03212299823892,18486.41796322883,-2926.024154948118,-115.69476022803751,-157.96771448770025,Storm
2937,41.965433328927304,-88.02687065458288,18437.552259519623,-2931.9422225522685,51.21218582781481,197.96375592746602,Storm
2938,41.96473100062462,-88.02665567130829,18388.713371160546,-2930.333301544719,-33.74888718833793,-145.01974252344468,Storm
2939,41.96668381835162,-88.02113039597434,18339.79156014481,-2935.3086609440443,146.80464276424016,101.56097505050093,Storm
2940,41.96515539630059,-88.02256760019644,18290.843668407644,-2936.8735042299245,-20.765805086769404,-7.259882832418896,Storm
2941,41.96432736265067,-88.0226040276163,18241.834246150236,-2940.5653354445453,-118.29741282544144,76.08157803890634,Storm
2942,41.96509258924858,-88.01945393454054,18192.74557767342,-2945.3201086089816,-56.50299578284455,297.38710600460956,Storm
2943,41.96572563569493,-88.01656820176787,18143.65019178443,-2945.7231533393874,-7.926593895244849,-8.468636286232083,Storm
2944,41.966215591211004,-88.01396865085576,18094.482436766557,-2950.0653010722363,26.340714964268756,250.05360187124802,Storm
2945,41.96730273888827,-88.01017471562128,18045.3131844657,-2950.1551380514065,120.32723994390011,-29.321958121295154,Storm
2946,41.967121545980206,-88.00891746155744,17996.094464886242,-2953.123174767396,87.4797063891184,51.741299268457,Storm
2947,41.96636349953859,-88.0088139145607,17946.911996306982,-2950.948114755538,-3.053180519500444,-184.61053632938967,Storm
2948,41.96639705882508,-88.00712715610777,17897.733978648685,-2950.6810594979447,-14.425494618043643,-152.50884778645522,Storm
2949,41.96834796479814,-88.00160570428169,17848.541836590703,-2951.5285234789567,165.93685994066186,-98.75591190219183,Storm
2950,41.96864493468435,-87.99939212462931,17799.29831720937,-2954.611162879938,180.90560581334893,19.833174056826692,Storm
2951,41.9675093385684,-88.00004367698126,17750.01103907351,-2957.236688151679,52.61775147046413,25.764266693596653,Storm
2952,41.965647965949024,-88.00214678234003,17700.714912770618,-2957.7675781734984,-148.24775321331964,-74.50726859523542,Storm
2953,41.96567431035775,-88.00047445364262,17651.362476571958,-2961.1461719196186,-160.34155508895043,73.77242651002905,Storm
2954,41.96721250511692,-87.99577842424434,17601.95823526919,-2964.254478166049,-21.250321919824444,166.7909829425621,Storm
2955,41.96645417268759,-87.99567544922303,17552.5989775445,-2961.555463481243,-111.81180760025207,-201.26036494239906,Storm
2956,41.967344902114924,-87.9922743504884,17503.18846043779,-2964.6310264027434,-37.467107614492875,255.9512299310287,Storm
2957,41.968708542878595,-87.98792742908111,17453.773729390563,-2964.8838628335593,84.1687260049647,-48.6458251242488,Storm
2958,41.968083226725035,-87.98755842150825,17404.399379157436,-2962.4610139875567,6.908867901724221,-249.472193293741,Storm
2959,41.970099724059,-87.98190578696037,17354.974976942958,-2965.464132868552,193.83035855044523,99.84438281695134,Storm
2960,41.96745031917482,-87.98558495684877,17305.50452690564,-2968.227002239068,-85.83837261463101,51.48503652914661,Storm
2961,41.96689391479272,-87.98507812573301,17255.991712871306,-2970.7688420599425,-156.2070535724024,279.50200128455015,Storm
2962,41.96730240770746,-87.98264150002358,17206.43992395972,-2973.107334695147,-130.08600484665362,88.81819083312848,Storm
2963,41.96773236803356,-87.98016193949142,17156.85227816106,-2975.2587479195354,-101.81821498442783,130.53682958912145,Storm
2964,41.97000511807983,-87.9739967995189,17107.23164402629,-2977.2380480859724,110.72854689611245,104.0518373468596,Storm
2965,41.969503112879366,-87.97338117003987,17057.580660622305,-2979.0590042390945,45.79978410207701,235.48145637120706,Storm
2966,41.967506904309786,-87.97575394729908,17007.939782479523,-2978.452688566852,-168.5493156040968,-101.45114053188288,Storm
2967,41.96833282981183,-87.97248245641504,16958.270174588164,-2980.1764734815038,-100.68500814766162,292.808377239253,Storm
2968,41.96904452143945,-87.96943943327983,16908.574135328116,-2981.7623556029835,-44.244088133250614,139.56761954423922,Storm
2969,41.97037314540378,-87.96516254547122,16858.902249658095,-2980.3131402011727,73.89006555240184,-172.75125751357336,Storm
2970,41.96873751789657,-87.96681416060567,16809.215612037602,-2981.1982572296192,-104.40092791537947,-131.22926186817955,Storm
2971,41.96957331871624,-87.96352291908636,16759.525257853235,-2981.421251061982,-35.549088696248305,-159.4049606096839,Storm
2972,41.968154697961666,-87.96474052071557,16709.81013200362,-2982.907550977023,-192.13940690126088,227.63583408431725,Storm
2973,41.97208581378368,-87.95525864919158,16660.091442840025,-2983.1213498155626,186.2439325523536,-95.05776778105923,Storm
2974,41.96972468440334,-87.9583612680723,16610.412561234745,-2980.7328963168534,-64.59724822981084,-295.7449123353774,Storm
2975,41.97123894206643,-87.95371311286615,16560.707990157887,-2982.2742646115053,72.10027533214964,195.26393744917726,Storm
2976,41.96925165494202,-87.95606804723501,16511.026327267165,-2980.899773443413,-141.35667985599872,-204.20019037970957,Storm
2977,41.97197283716795,-87.94900604290319,16461.319197407698,-2982.42779156794,116.0332999885751,69.7744490124868,Storm
2978,41.969139228826045,-87.95305361970705,16411.58863793699,-2983.833568242505,-182.0557769489132,73.52819427736898,Storm
2979,41.970342739914386,-87.9490269576504,16361.83652322394,-2985.1268827831045,-76.43291086249357,-78.76490671749244,Storm
2980,41.972333277123674,-87.94342624335187,16312.064577687932,-2986.316732160456,107.89256731875207,186.56111560356635,Storm
2981,41.97100306038532,-87.94446703694861,16262.274387794805,-2987.4113935876194,-39.85734926406775,268.2917616038128,Storm
2982,41.971174767177246,-87.9425039834848,16212.467413093129,-2988.4184821006097,-37.41491281917112,163.10162113806592,Storm
2983,41.97163170779117,-87.93997046237699,16162.644996367586,-2989.345003532561,-6.449094174296363,238.51939591325038,Storm
2984,41.97347452613499,-87.9346651858094,16112.853962629213,-2987.462024302402,163.10449746007146,-247.54991527734967,Storm
2985,41.97373673691311,-87.9325211243732,16063.04621158991,-2988.4650623582097,174.5973325240903,195.32090491224943,Storm
2986,41.973303288872586,-87.93176838057427,16013.23853906423,-2988.460351540745,116.52428572506676,-179.45319618868655,Storm
2987,41.97350580527783,-87.92974370788383,15963.415480340605,-2989.3835234174853,122.04768350186595,210.0796408110221,Storm
2988,41.97158921220811,-87.93195725414331,15913.578266314871,-2990.2328415440866,-84.33986621833962,271.3560470173942,Storm
2989,41.970779333883364,-87.93195737091284,15863.75195068471,-2989.5789378097243,-180.0559414403343,-210.0544480517162,Storm
2990,41.972877500277455,-87.92614139824471,15813.91174030496,-2990.4126227849465,15.032455220605726,45.47548267338584,Storm
2991,41.973455058485925,-87.92336664194781,15764.089664178517,-2989.3245675866033,58.060033320361356,-289.8185224107201,Storm
2992,41.97486320767868,-87.91893070368232,15714.25412396122,-2990.1324130378116,184.14670984885208,-273.2471443595136,Storm
2993,41.97174127081856,-87.92355493752261,15664.411151073358,-2990.5783732717146,-142.77521891063904,-291.5912894843658,Storm
2994,41.973583739168326,-87.91825036094312,15614.555616016525,-2991.332103409977,26.74337331763786,259.3601303525834,Storm
2995,41.974127376526944,-87.91554344634592,15564.688523764238,-2992.025535137179,66.3788664321857,193.59448108825637,Storm
2996,41.97166399510394,-87.91885056931199,15514.810798892135,-2992.6634923262045,-194.68751861656796,25.20917908783565,Storm
2997,41.9735964046276,-87.9133661103847,15464.9232920098,-2993.250412940108,-16.174808997791246,-0.6192334675241682,Storm
2998,41.97219428788639,-87.91455070398715,15415.026785678052,-2993.7903799048995,-171.1147258659248,110.66121664158447,Storm
2999,41.97406559923196,-87.90918844141605,15365.121999852843,-2994.2871495125078,1.2881659434537767,159.0893099167584,Storm
3000,41.97414116253625,-87.90741767492752,15315.209596893652,-2994.744177551507,-5.883746375313848,-210.37101826414076,Storm
